,Unnamed: 0,fga,fg3a,fta,per,ts_pct,usg_pct,bpm,season,player,win_pct,votes_first,points_won,points_max,award_share,g,mp_per_g,pts_per_g,trb_per_g,ast_per_g,stl_per_g,blk_per_g,fg_pct,fg3_pct,ft_pct,ws,ws_per_48,rank,is_mvp
0,0,18.6,0.2,6.5,25.1,0.5720000000000001,28.4,8.0,1980-81,Julius Erving,0.7560975609756098,28.0,454.0,690.0,0.6579999999999999,82.0,35.0,24.6,8.0,4.4,2.1,1.8,0.521,0.222,0.787,13.8,0.231,1,1
1,1,18.3,0.9,4.0,19.9,0.528,24.3,5.1,1980-81,Larry Bird,0.7560975609756098,20.0,423.0,690.0,0.613,82.0,39.5,21.2,10.9,5.5,2.0,0.8,0.478,0.27,0.863,10.8,0.16,2,0
2,2,18.2,0.0,6.9,25.5,0.616,26.3,5.3,1980-81,Kareem Abdul-Jabbar,0.6585365853658537,8.0,286.0,690.0,0.414,80.0,37.2,26.2,10.3,3.4,0.7,2.9,0.574,0.0,0.7659999999999999,14.3,0.23,3,0
3,3,19.3,0.0,10.1,25.1,0.585,27.6,3.7,1980-81,Moses Malone,0.4878048780487805,8.0,180.0,690.0,0.261,80.0,40.6,27.8,14.8,1.8,1.0,1.9,0.522,0.33299999999999996,0.757,13.7,0.20199999999999999,4,0
4,4,21.1,0.4,7.6,22.9,0.555,32.3,1.6,1980-81,George Gervin,0.6341463414634146,1.0,83.0,690.0,0.12,82.0,33.7,27.1,5.1,3.2,1.1,0.7,0.49200000000000005,0.257,0.826,10.5,0.182,5,0
5,5,15.2,0.1,5.0,22.0,0.583,23.3,5.9,1980-81,Marques Johnson,0.7317073170731707,1.0,73.0,690.0,0.106,76.0,33.4,20.3,6.8,4.6,1.5,0.5,0.552,0.0,0.706,11.2,0.21100000000000002,6,0
6,6,14.2,0.0,4.8,25.2,0.579,27.1,5.0,1980-81,Robert Parish,0.7560975609756098,0.0,53.0,690.0,0.077,82.0,28.0,18.9,9.5,1.8,1.0,2.6,0.545,0.0,0.71,10.9,0.228,7,0
7,7,15.4,0.6,6.3,17.0,0.516,24.6,2.0,1980-81,Dennis Johnson,0.6951219512195121,0.0,50.0,690.0,0.07200000000000001,79.0,33.1,18.8,4.6,3.7,1.7,0.8,0.436,0.21600000000000003,0.82,8.4,0.154,8,0
8,8,9.6,0.1,5.2,14.3,0.5820000000000001,17.5,-1.3,1980-81,Tiny Archibald,0.7560975609756098,0.0,32.0,690.0,0.046,80.0,35.3,13.8,2.2,7.7,0.9,0.2,0.499,0.0,0.816,6.9,0.11800000000000001,9,0
9,9,18.5,0.2,4.1,18.0,0.556,24.5,0.8,1980-81,Jamaal Wilkes,0.6585365853658537,0.0,19.0,690.0,0.027999999999999997,81.0,37.4,22.6,5.4,2.9,1.5,0.4,0.526,0.077,0.758,8.5,0.135,10,0
31,31,22.5,0.1,10.2,26.8,0.5760000000000001,29.9,4.3,1981-82,Moses Malone,0.5609756097560976,40.0,507.0,690.0,0.735,81.0,42.0,31.1,14.7,1.8,0.9,1.5,0.519,0.0,0.762,15.4,0.218,1,1
32,32,18.4,0.7,4.9,22.6,0.557,25.2,7.5,1981-82,Larry Bird,0.7682926829268293,20.0,406.0,690.0,0.588,77.0,38.0,22.9,10.9,5.8,1.9,0.9,0.503,0.212,0.863,12.5,0.205,2,0
33,33,17.6,0.1,6.7,25.9,0.593,28.1,7.8,1981-82,Julius Erving,0.7073170731707317,1.0,203.0,690.0,0.294,81.0,34.4,24.4,6.9,3.9,2.0,1.7,0.546,0.273,0.763,13.3,0.22899999999999998,3,0
34,34,15.4,0.0,4.4,22.6,0.5710000000000001,25.5,3.8,1981-82,Robert Parish,0.7682926829268293,4.0,131.0,690.0,0.19,80.0,31.7,19.9,10.8,1.8,0.9,2.4,0.542,0.0,0.71,10.0,0.19,4,0
35,35,19.9,0.5,5.5,21.8,0.526,28.5,4.2,1981-82,Gus Williams,0.6341463414634146,2.0,115.0,690.0,0.16699999999999998,80.0,36.0,23.4,3.1,6.9,2.2,0.5,0.486,0.225,0.7340000000000001,10.2,0.171,5,0
36,36,25.2,0.5,8.1,24.2,0.562,35.0,1.7,1981-82,George Gervin,0.5853658536585366,1.0,110.0,690.0,0.159,79.0,35.7,32.3,5.0,2.4,1.0,0.6,0.5,0.278,0.8640000000000001,10.7,0.182,6,0
37,37,13.3,0.2,7.2,20.1,0.601,21.0,5.5,1981-82,Sidney Moncrief,0.6707317073170732,1.0,101.0,690.0,0.146,80.0,37.3,19.8,6.7,4.8,1.7,0.3,0.523,0.071,0.8170000000000001,13.4,0.21600000000000003,7,0
38,38,13.3,0.4,5.6,22.9,0.59,20.1,8.3,1981-82,Magic Johnson,0.6951219512195121,0.0,67.0,690.0,0.09699999999999999,78.0,38.3,18.6,9.6,9.5,2.7,0.4,0.537,0.207,0.76,12.9,0.207,8,0
39,39,14.8,0.2,6.4,20.6,0.5589999999999999,22.5,4.1,1981-82,Jack Sikma,0.6341463414634146,0.0,33.0,690.0,0.048,82.0,37.2,19.6,12.7,3.4,1.2,1.3,0.479,0.154,0.855,12.6,0.19899999999999998,9,0
40,40,17.1,0.0,5.8,23.4,0.608,25.6,4.3,1981-82,Kareem Abdul-Jabbar,0.6951219512195121,0.0,31.0,690.0,0.045,76.0,35.2,23.9,8.7,3.0,0.8,2.7,0.579,0.0,0.706,10.7,0.192,10,0
56,56,16.7,0.0,10.1,25.1,0.578,26.0,3.4,1982-83,Moses Malone,0.7926829268292683,69.0,720.0,750.0,0.96,78.0,37.5,24.5,15.3,1.3,1.1,2.0,0.501,0.0,0.7609999999999999,15.1,0.248,1,1
57,57,18.7,1.0,5.3,24.1,0.561,25.0,7.6,1982-83,Larry Bird,0.6829268292682927,1.0,364.0,750.0,0.485,79.0,37.7,23.6,11.0,5.8,1.9,0.9,0.504,0.28600000000000003,0.84,14.0,0.225,2,0
58,58,11.8,0.3,4.8,23.0,0.603,19.0,7.4,1982-83,Magic Johnson,0.7073170731707317,2.0,304.5,750.0,0.406,79.0,36.8,16.8,8.6,10.5,2.2,0.6,0.5479999999999999,0.0,0.8,12.5,0.207,3,0
59,59,15.2,0.1,7.9,22.6,0.602,24.7,5.7,1982-83,Sidney Moncrief,0.6219512195121951,0.0,226.0,750.0,0.301,76.0,35.7,22.5,5.8,3.9,1.5,0.3,0.524,0.1,0.826,13.2,0.233,4,0
60,60,16.3,0.1,6.0,23.1,0.5660000000000001,25.5,6.3,1982-83,Julius Erving,0.7926829268292683,3.0,112.0,750.0,0.149,72.0,33.6,21.4,6.8,3.7,1.6,1.8,0.517,0.28600000000000003,0.759,10.9,0.217,5,0
61,61,22.6,0.1,6.0,24.1,0.561,28.9,4.7,1982-83,Alex English,0.5487804878048781,0.0,42.0,750.0,0.055999999999999994,82.0,36.4,28.4,7.3,4.8,1.4,1.5,0.516,0.16699999999999998,0.8290000000000001,10.3,0.166,6,0
62,62,11.1,0.0,6.4,18.6,0.611,18.4,3.3,1982-83,Buck Williams,0.5975609756097561,0.0,40.0,750.0,0.053,82.0,36.1,17.0,12.5,1.5,1.1,1.3,0.588,0.0,0.62,11.4,0.185,7,0
63,63,10.8,0.1,6.0,21.2,0.6679999999999999,19.4,3.6,1982-83,Artis Gilmore,0.6463414634146342,0.0,33.0,750.0,0.044000000000000004,82.0,34.1,18.0,12.0,1.5,0.5,2.3,0.626,0.0,0.74,11.0,0.18899999999999997,8,0
64,64,19.9,0.4,7.8,20.5,0.561,29.1,1.1,1982-83,George Gervin,0.6463414634146342,0.0,30.0,750.0,0.04,78.0,36.3,26.2,4.6,3.4,1.1,0.9,0.48700000000000004,0.364,0.853,9.4,0.159,9,0
65,65,15.5,0.0,4.7,23.6,0.619,24.6,3.8,1982-83,Kareem Abdul-Jabbar,0.7073170731707317,0.0,15.0,750.0,0.02,79.0,32.3,21.8,7.5,2.5,0.8,2.2,0.588,0.0,0.7490000000000001,10.9,0.205,10,0
79,79,19.5,0.9,5.3,24.2,0.552,26.7,7.8,1983-84,Larry Bird,0.7560975609756098,52.0,652.0,760.0,0.858,79.0,38.3,24.2,10.1,6.6,1.8,0.9,0.49200000000000005,0.247,0.888,13.6,0.215,1,1
80,80,18.1,0.1,7.3,22.7,0.619,28.7,3.6,1983-84,Bernard King,0.573170731707317,11.0,373.0,760.0,0.491,77.0,34.6,26.3,5.1,2.1,1.0,0.2,0.5720000000000001,0.0,0.779,12.1,0.218,2,0
81,81,11.6,0.4,5.3,22.6,0.628,19.5,6.1,1983-84,Magic Johnson,0.6585365853658537,5.0,305.0,760.0,0.401,67.0,38.3,17.6,7.3,13.1,2.2,0.7,0.565,0.207,0.81,10.2,0.191,3,0
82,82,15.5,0.0,4.9,21.3,0.608,25.1,2.8,1983-84,Kareem Abdul-Jabbar,0.6585365853658537,3.0,153.0,760.0,0.201,80.0,32.8,21.5,7.3,2.6,0.7,1.8,0.578,0.0,0.723,8.9,0.163,4,0
83,83,17.7,0.8,6.5,20.9,0.52,25.4,4.3,1983-84,Isiah Thomas,0.5975609756097561,1.0,115.0,760.0,0.151,82.0,36.7,21.3,4.0,11.1,2.5,0.4,0.462,0.33799999999999997,0.733,9.1,0.14400000000000002,5,0
84,84,17.2,0.3,6.3,22.9,0.562,27.2,5.9,1983-84,Julius Erving,0.6341463414634146,1.0,98.0,760.0,0.129,77.0,34.8,22.4,6.9,4.0,1.8,1.8,0.512,0.33299999999999996,0.754,10.1,0.18,6,0
85,85,18.2,0.1,12.0,24.6,0.652,28.2,4.4,1983-84,Adrian Dantley,0.5487804878048781,1.0,88.0,760.0,0.11599999999999999,79.0,37.8,30.6,5.7,3.9,0.8,0.1,0.5579999999999999,0.25,0.8590000000000001,14.6,0.235,7,0
86,86,14.2,0.2,7.9,19.8,0.591,22.2,4.8,1983-84,Sidney Moncrief,0.6097560975609756,1.0,70.0,760.0,0.092,79.0,38.9,20.9,6.7,4.5,1.4,0.3,0.498,0.278,0.848,12.7,0.198,8,0
87,87,13.8,0.1,8.5,19.6,0.633,23.0,4.3,1983-84,Jeff Ruland,0.4268292682926829,1.0,38.0,760.0,0.05,75.0,41.1,22.2,12.3,3.9,0.9,1.0,0.579,0.14300000000000002,0.733,9.3,0.14400000000000002,9,0
88,88,15.5,0.1,10.2,21.8,0.5660000000000001,26.4,0.7,1983-84,Moses Malone,0.6341463414634146,0.0,35.0,760.0,0.046,71.0,36.8,22.7,13.4,1.4,1.0,1.5,0.483,0.0,0.75,9.5,0.175,10,0
94,94,22.0,1.6,5.7,26.5,0.585,28.5,8.5,1984-85,Larry Bird,0.7682926829268293,73.0,763.0,780.0,0.978,80.0,39.5,28.7,10.5,6.6,1.6,1.2,0.522,0.42700000000000005,0.882,15.7,0.23800000000000002,1,1
95,95,11.7,0.5,6.0,23.2,0.637,20.5,5.4,1984-85,Magic Johnson,0.7560975609756098,1.0,264.0,780.0,0.33799999999999997,77.0,36.1,18.3,6.2,12.6,1.5,0.3,0.561,0.18899999999999997,0.843,12.7,0.22,2,0
96,96,16.3,0.0,11.4,22.5,0.5770000000000001,26.8,1.5,1984-85,Moses Malone,0.7073170731707317,0.0,218.0,780.0,0.27899999999999997,79.0,37.4,24.6,13.1,1.6,0.8,1.6,0.469,0.0,0.815,11.9,0.193,3,0
97,97,15.3,0.0,5.0,22.9,0.628,24.3,4.9,1984-85,Kareem Abdul-Jabbar,0.7560975609756098,0.0,206.0,780.0,0.264,79.0,33.3,22.0,7.9,3.2,0.8,2.1,0.599,0.0,0.732,11.2,0.204,4,0
98,98,19.4,0.0,5.9,22.1,0.536,28.8,3.8,1984-85,Terry Cummings,0.7195121951219512,2.0,138.0,780.0,0.177,79.0,34.5,23.6,9.1,2.9,1.5,0.8,0.495,0.0,0.741,10.7,0.18899999999999997,5,0
99,99,19.8,0.6,9.1,25.8,0.5920000000000001,29.8,8.2,1984-85,Michael Jordan,0.4634146341463415,2.0,134.0,780.0,0.172,82.0,38.3,28.2,6.5,5.9,2.4,0.8,0.515,0.17300000000000001,0.845,14.0,0.213,6,0
100,100,23.7,0.2,10.0,25.2,0.585,35.1,4.3,1984-85,Bernard King,0.2926829268292683,0.0,70.0,780.0,0.09,55.0,37.5,32.9,5.8,3.7,1.3,0.3,0.53,0.1,0.772,7.1,0.166,7,0
101,101,15.9,0.5,7.5,20.1,0.565,23.6,4.7,1984-85,Sidney Moncrief,0.7195121951219512,0.0,65.0,780.0,0.083,73.0,37.5,21.7,5.4,5.2,1.6,0.5,0.483,0.273,0.828,11.2,0.19699999999999998,8,0
102,102,17.4,1.4,6.1,22.2,0.529,24.0,5.2,1984-85,Isiah Thomas,0.5609756097560976,0.0,63.0,780.0,0.081,81.0,38.1,21.2,4.5,13.9,2.3,0.3,0.45799999999999996,0.257,0.809,11.2,0.17300000000000001,9,0
103,103,18.3,0.1,5.5,17.4,0.5329999999999999,25.9,0.8,1984-85,Ralph Sampson,0.5853658536585366,0.0,26.0,780.0,0.033,82.0,37.6,22.1,10.4,2.7,1.0,2.0,0.502,0.0,0.6759999999999999,6.2,0.096,10,0
117,117,19.6,2.4,6.0,25.6,0.58,27.6,9.1,1985-86,Larry Bird,0.8170731707317073,73.0,765.0,780.0,0.981,82.0,38.0,25.8,9.8,6.8,2.0,0.6,0.496,0.423,0.8959999999999999,15.8,0.244,1,1
118,118,24.3,0.9,9.0,23.3,0.536,32.9,3.6,1985-86,Dominique Wilkins,0.6097560975609756,5.0,407.0,780.0,0.522,78.0,39.1,30.3,7.9,2.6,1.8,0.6,0.46799999999999997,0.18600000000000003,0.818,10.8,0.17,2,0
119,119,12.8,0.6,6.0,24.0,0.61,21.6,5.9,1985-86,Magic Johnson,0.7560975609756098,0.0,205.0,780.0,0.263,72.0,35.8,18.8,5.9,12.6,1.6,0.2,0.526,0.233,0.871,12.1,0.226,3,0
120,120,17.5,0.0,7.9,24.2,0.56,25.6,5.3,1985-86,Hakeem Olajuwon,0.6219512195121951,0.0,193.0,780.0,0.247,68.0,36.3,23.5,11.5,2.0,2.0,3.4,0.526,0.0,0.645,9.5,0.18600000000000003,4,0
121,121,16.9,0.0,5.6,22.7,0.603,26.6,4.5,1985-86,Kareem Abdul-Jabbar,0.7560975609756098,0.0,135.0,780.0,0.17300000000000001,79.0,33.3,23.4,6.1,3.5,0.8,1.6,0.564,0.0,0.765,10.8,0.19699999999999998,5,0
122,122,13.0,0.9,7.2,22.4,0.619,22.4,7.9,1985-86,Charles Barkley,0.6585365853658537,0.0,133.0,780.0,0.171,80.0,36.9,20.0,12.8,3.9,2.2,1.6,0.5720000000000001,0.22699999999999998,0.685,10.8,0.17600000000000002,6,0
123,123,13.2,1.4,7.9,20.0,0.604,21.8,5.1,1985-86,Sidney Moncrief,0.6951219512195121,0.0,56.0,780.0,0.07200000000000001,73.0,35.2,20.2,4.6,4.9,1.4,0.2,0.489,0.32,0.8590000000000001,11.7,0.21899999999999997,7,0
124,124,23.3,0.1,7.3,21.7,0.562,30.5,2.1,1985-86,Alex English,0.573170731707317,0.0,55.0,780.0,0.071,81.0,37.3,29.8,5.0,4.0,0.9,0.4,0.504,0.2,0.862,9.8,0.156,8,0
125,125,16.2,1.1,6.0,21.2,0.5539999999999999,24.4,4.0,1985-86,Isiah Thomas,0.5609756097560976,0.0,28.0,780.0,0.036000000000000004,77.0,36.2,20.9,3.6,10.8,2.2,0.3,0.488,0.31,0.79,8.8,0.151,9,0
126,126,16.8,0.0,10.6,20.6,0.5529999999999999,27.6,-0.8,1985-86,Moses Malone,0.6585365853658537,0.0,21.0,780.0,0.027000000000000003,74.0,36.6,23.8,11.8,1.2,0.9,1.0,0.45799999999999996,0.0,0.787,8.9,0.157,10,0
135,135,16.4,0.5,7.9,27.0,0.602,26.3,8.1,1986-87,Magic Johnson,0.7926829268292683,65.0,733.0,780.0,0.94,80.0,36.3,23.9,6.3,12.2,1.7,0.5,0.522,0.205,0.848,15.9,0.263,1,1
136,136,27.8,0.8,11.9,29.8,0.562,38.3,8.6,1986-87,Michael Jordan,0.4878048780487805,10.0,449.0,780.0,0.5760000000000001,82.0,40.0,37.1,5.2,4.6,2.9,1.5,0.48200000000000004,0.182,0.857,16.9,0.247,2,0
137,137,20.2,3.0,6.1,26.4,0.612,27.5,9.2,1986-87,Larry Bird,0.7195121951219512,1.0,271.0,780.0,0.34700000000000003,74.0,40.6,28.1,9.2,7.6,1.8,0.9,0.525,0.4,0.91,15.2,0.243,3,0
138,138,17.0,0.1,6.6,24.0,0.655,24.1,5.2,1986-87,Kevin McHale,0.7195121951219512,0.0,254.0,780.0,0.326,77.0,39.7,26.1,9.9,2.6,0.5,2.2,0.604,0.0,0.836,14.8,0.23199999999999998,4,0
139,139,22.6,1.3,9.4,23.5,0.5429999999999999,32.3,4.9,1986-87,Dominique Wilkins,0.6951219512195121,0.0,128.0,780.0,0.16399999999999998,79.0,37.6,29.0,6.3,3.3,1.5,0.6,0.46299999999999997,0.292,0.818,12.2,0.19699999999999998,5,0
140,140,13.8,1.5,8.3,25.1,0.66,23.1,9.2,1986-87,Charles Barkley,0.5487804878048781,1.0,113.0,780.0,0.145,68.0,40.3,23.0,14.6,4.9,1.8,1.5,0.594,0.20199999999999999,0.7609999999999999,12.0,0.21,6,0
141,141,17.8,0.1,7.6,23.8,0.5539999999999999,26.8,6.6,1986-87,Hakeem Olajuwon,0.5121951219512195,1.0,28.0,780.0,0.036000000000000004,75.0,36.8,23.4,11.4,2.9,1.9,3.4,0.508,0.2,0.7020000000000001,10.9,0.18899999999999997,7,0
142,142,16.7,1.2,6.4,18.8,0.528,25.9,3.0,1986-87,Isiah Thomas,0.6341463414634146,0.0,17.0,780.0,0.022000000000000002,81.0,37.2,20.6,3.9,10.0,1.9,0.2,0.46299999999999997,0.19399999999999998,0.768,7.6,0.121,8,0
143,143,16.7,1.1,3.8,20.8,0.515,21.1,5.6,1986-87,Fat Lever,0.451219512195122,0.0,11.0,780.0,0.013999999999999999,82.0,37.2,18.9,8.9,8.0,2.5,0.4,0.469,0.239,0.782,9.7,0.153,9,0
144,144,18.0,0.2,9.5,23.8,0.545,29.3,1.9,1986-87,Moses Malone,0.5121951219512195,0.0,9.0,780.0,0.012,73.0,34.1,24.1,11.3,1.6,0.8,1.3,0.45399999999999996,0.0,0.8240000000000001,9.4,0.182,10,0
152,152,24.4,0.6,10.5,31.7,0.603,34.1,12.2,1987-88,Michael Jordan,0.6097560975609756,47.0,665.0,800.0,0.831,82.0,40.4,35.0,5.5,5.9,3.2,1.6,0.535,0.132,0.841,21.2,0.308,1,1
153,153,22.0,3.1,6.0,27.8,0.608,30.2,8.8,1987-88,Larry Bird,0.6951219512195121,16.0,527.0,800.0,0.659,76.0,39.0,29.9,9.3,6.1,1.6,0.8,0.527,0.414,0.9159999999999999,15.0,0.243,2,0
154,154,13.8,0.8,6.8,23.1,0.581,23.4,5.3,1987-88,Magic Johnson,0.7560975609756098,16.0,508.0,800.0,0.635,72.0,36.6,19.6,6.2,11.9,1.6,0.2,0.49200000000000005,0.196,0.853,10.9,0.19899999999999998,3,0
155,155,16.0,2.0,11.9,27.6,0.665,26.7,9.0,1987-88,Charles Barkley,0.4390243902439024,1.0,109.0,800.0,0.136,80.0,39.6,28.3,11.9,3.2,1.3,1.3,0.5870000000000001,0.28,0.7509999999999999,16.7,0.253,4,0
156,156,20.7,0.6,7.2,24.1,0.564,28.0,7.4,1987-88,Clyde Drexler,0.6463414634146342,0.0,86.0,800.0,0.10800000000000001,81.0,37.8,27.0,6.6,5.8,2.5,0.6,0.506,0.212,0.8109999999999999,13.2,0.207,5,0
157,157,25.1,1.7,8.4,23.7,0.534,35.2,2.9,1987-88,Dominique Wilkins,0.6097560975609756,0.0,55.0,800.0,0.069,78.0,37.8,30.7,6.4,2.9,1.3,0.6,0.46399999999999997,0.295,0.826,9.8,0.16,6,0
158,158,17.5,0.1,6.9,23.4,0.555,26.5,5.0,1987-88,Hakeem Olajuwon,0.5609756097560976,0.0,40.0,800.0,0.05,79.0,35.8,22.8,12.1,2.1,2.1,2.7,0.514,0.0,0.695,10.7,0.182,7,0
159,159,20.1,0.1,9.6,20.7,0.568,29.7,2.5,1987-88,Karl Malone,0.573170731707317,0.0,36.0,800.0,0.045,82.0,39.0,27.7,12.0,2.4,1.4,0.6,0.52,0.0,0.7,10.1,0.152,8,0
160,160,16.6,0.7,3.9,20.5,0.516,21.4,6.1,1987-88,Fat Lever,0.6585365853658537,0.0,26.0,800.0,0.033,82.0,37.3,18.9,8.1,7.8,2.7,0.3,0.473,0.21100000000000002,0.785,10.4,0.163,9,0
161,161,9.6,0.8,4.0,23.2,0.645,17.2,3.9,1987-88,John Stockton,0.573170731707317,0.0,15.0,800.0,0.019,82.0,34.7,14.7,2.9,13.8,3.0,0.2,0.574,0.358,0.84,14.1,0.23800000000000002,10,0
169,169,14.8,2.4,7.3,26.9,0.625,24.3,9.3,1988-89,Magic Johnson,0.6951219512195121,42.5,664.5,850.0,0.782,77.0,37.5,22.5,7.9,12.8,1.8,0.3,0.509,0.314,0.9109999999999999,16.1,0.267,1,1
170,170,22.2,1.2,9.8,31.1,0.614,32.1,12.6,1988-89,Michael Jordan,0.573170731707317,27.5,598.8,850.0,0.7040000000000001,81.0,40.2,32.5,8.0,8.0,2.9,0.8,0.5379999999999999,0.276,0.85,19.8,0.292,2,0
171,171,19.5,0.2,11.5,24.4,0.5920000000000001,30.4,6.1,1988-89,Karl Malone,0.6219512195121951,5.0,362.0,850.0,0.426,80.0,39.1,29.1,10.7,2.7,1.8,0.9,0.519,0.313,0.7659999999999999,15.2,0.233,3,0
172,172,16.0,0.1,6.1,22.1,0.607,23.6,4.7,1988-89,Patrick Ewing,0.6341463414634146,8.0,200.0,850.0,0.235,80.0,36.2,22.7,9.3,2.4,1.5,3.5,0.5670000000000001,0.0,0.746,10.9,0.18100000000000002,4,0
173,173,19.0,0.1,8.0,25.2,0.552,28.2,5.4,1988-89,Hakeem Olajuwon,0.5487804878048781,2.0,179.3,850.0,0.21100000000000002,82.0,36.9,24.8,13.5,1.8,2.6,3.4,0.508,0.0,0.696,12.4,0.19699999999999998,5,0
174,174,15.3,2.1,10.1,27.0,0.653,24.4,9.8,1988-89,Charles Barkley,0.5609756097560976,0.0,94.3,850.0,0.111,79.0,39.1,25.8,12.5,4.1,1.6,0.8,0.579,0.21600000000000003,0.753,16.1,0.25,6,0
175,175,11.3,0.8,5.5,22.9,0.624,19.1,4.8,1988-89,John Stockton,0.6219512195121951,0.0,28.0,850.0,0.033,82.0,38.7,17.1,3.0,13.6,3.2,0.2,0.5379999999999999,0.242,0.863,15.6,0.23600000000000002,7,0
176,176,13.9,0.3,7.1,20.5,0.597,21.2,3.5,1988-89,Kevin Johnson,0.6707317073170732,0.0,22.0,850.0,0.026000000000000002,81.0,39.2,20.4,4.2,12.2,1.7,0.3,0.505,0.091,0.882,12.2,0.184,8,0
177,177,20.3,1.1,7.4,19.3,0.547,28.2,1.2,1988-89,Tom Chambers,0.6707317073170732,0.0,20.0,850.0,0.024,81.0,37.1,25.7,8.4,2.9,1.1,0.7,0.47100000000000003,0.326,0.851,9.2,0.146,9,0
178,178,13.4,2.8,3.9,20.6,0.623,21.0,3.5,1988-89,Mark Price,0.6951219512195121,0.0,18.0,850.0,0.021,75.0,36.4,18.9,3.0,8.4,1.5,0.1,0.526,0.441,0.9009999999999999,11.3,0.19899999999999998,10,0
188,188,14.4,3.5,8.1,26.6,0.622,24.8,9.5,1989-90,Magic Johnson,0.7682926829268293,27.0,636.0,920.0,0.691,79.0,37.2,22.3,6.6,11.5,1.7,0.4,0.48,0.384,0.89,16.5,0.27,1,1
189,189,14.9,1.2,9.4,27.1,0.6609999999999999,24.0,9.8,1989-90,Charles Barkley,0.6463414634146342,38.0,614.0,920.0,0.667,79.0,39.1,25.2,11.5,3.9,1.9,0.6,0.6,0.217,0.7490000000000001,17.3,0.26899999999999996,2,0
190,190,24.0,3.0,8.5,31.2,0.606,33.7,10.6,1989-90,Michael Jordan,0.6707317073170732,21.0,564.0,920.0,0.613,82.0,39.0,33.6,6.9,6.3,2.8,0.7,0.526,0.376,0.848,19.0,0.285,3,0
191,191,19.8,0.5,11.1,27.2,0.626,32.6,6.6,1989-90,Karl Malone,0.6707317073170732,2.0,214.0,920.0,0.233,82.0,38.1,31.0,11.1,2.8,1.5,0.6,0.562,0.37200000000000005,0.762,15.9,0.245,4,0
192,192,20.4,0.0,7.9,25.8,0.599,29.4,4.6,1989-90,Patrick Ewing,0.5487804878048781,1.0,162.0,920.0,0.17600000000000002,82.0,38.6,28.6,10.9,2.2,1.0,4.0,0.551,0.25,0.775,13.5,0.205,5,0
193,193,15.9,0.0,10.2,26.3,0.597,26.6,6.5,1989-90,David Robinson,0.6829268292682927,2.0,102.0,920.0,0.111,82.0,36.6,24.3,12.0,2.0,1.7,3.9,0.531,0.0,0.732,15.1,0.24100000000000002,6,0
194,194,19.6,0.1,6.5,24.1,0.541,28.1,5.9,1989-90,Hakeem Olajuwon,0.5,1.0,64.0,920.0,0.07,82.0,38.1,24.3,14.0,2.9,2.1,4.6,0.501,0.16699999999999998,0.713,11.2,0.17300000000000001,7,0
195,195,20.0,1.1,8.0,20.9,0.579,28.8,1.8,1989-90,Tom Chambers,0.6585365853658537,0.0,12.0,920.0,0.013000000000000001,81.0,37.6,27.2,7.0,2.3,1.1,0.6,0.501,0.27899999999999997,0.861,11.2,0.17600000000000002,8,0
196,196,11.8,1.4,5.5,23.9,0.607,20.6,4.2,1989-90,John Stockton,0.6707317073170732,0.0,9.0,920.0,0.01,78.0,37.4,17.2,2.6,14.5,2.7,0.2,0.514,0.41600000000000004,0.8190000000000001,14.4,0.23800000000000002,9,0
197,197,20.2,2.6,4.6,21.9,0.546,27.4,6.1,1989-90,Larry Bird,0.6341463414634146,0.0,5.0,920.0,0.005,75.0,39.3,24.3,9.5,7.5,1.4,0.8,0.473,0.33299999999999996,0.93,9.5,0.154,10,0
202,202,22.4,1.1,8.2,31.6,0.605,32.9,10.8,1990-91,Michael Jordan,0.7439024390243902,77.0,891.0,960.0,0.9279999999999999,82.0,37.0,31.5,6.0,5.5,2.7,1.0,0.539,0.312,0.851,20.3,0.321,1,1
203,203,12.4,3.2,7.3,25.1,0.623,22.9,8.3,1990-91,Magic Johnson,0.7073170731707317,10.0,497.0,960.0,0.518,79.0,37.1,19.4,7.0,12.5,1.3,0.2,0.47700000000000004,0.32,0.9059999999999999,15.4,0.251,2,0
204,204,16.7,0.1,9.5,27.4,0.615,26.6,8.4,1990-91,David Robinson,0.6707317073170732,6.0,476.0,960.0,0.496,82.0,37.7,25.6,13.0,2.5,1.5,3.9,0.552,0.14300000000000002,0.762,17.0,0.264,3,0
205,205,17.4,2.3,9.8,28.9,0.635,29.1,9.9,1990-91,Charles Barkley,0.5365853658536586,2.0,222.0,960.0,0.231,67.0,37.3,27.6,10.1,4.2,1.6,0.5,0.57,0.284,0.722,13.4,0.258,4,0
206,206,19.6,0.2,10.8,24.8,0.596,30.1,5.8,1990-91,Karl Malone,0.6585365853658537,0.0,142.0,960.0,0.14800000000000002,82.0,40.3,29.0,11.8,3.3,1.1,1.0,0.527,0.28600000000000003,0.77,15.5,0.225,5,0
207,207,16.3,2.3,6.4,22.1,0.563,25.7,7.3,1990-91,Clyde Drexler,0.7682926829268293,1.0,75.0,960.0,0.078,82.0,34.8,21.5,6.7,6.0,1.8,0.7,0.48200000000000004,0.319,0.794,12.4,0.209,6,0
208,208,14.9,0.6,8.0,23.7,0.604,24.8,5.2,1990-91,Kevin Johnson,0.6707317073170732,0.0,32.0,960.0,0.033,77.0,36.0,22.2,3.5,10.1,2.1,0.1,0.516,0.205,0.843,12.7,0.22,7,0
209,209,20.2,3.1,7.1,23.5,0.555,28.1,4.7,1990-91,Dominique Wilkins,0.5243902439024389,0.0,29.0,960.0,0.03,81.0,38.0,25.9,9.0,3.3,1.5,0.8,0.47,0.341,0.8290000000000001,11.4,0.177,8,0
210,210,17.0,3.3,3.1,19.7,0.53,23.7,4.7,1990-91,Larry Bird,0.6829268292682927,0.0,25.0,960.0,0.026000000000000002,60.0,38.0,19.4,8.5,7.2,1.8,1.0,0.45399999999999996,0.389,0.8909999999999999,6.6,0.14,9,0
211,211,11.7,3.9,4.2,21.7,0.632,19.6,6.1,1990-91,Terry Porter,0.7682926829268293,0.0,25.0,960.0,0.026000000000000002,81.0,32.9,17.0,3.5,8.0,2.0,0.1,0.515,0.415,0.823,13.0,0.235,10,0
222,222,22.7,1.3,7.4,27.7,0.579,31.7,8.6,1991-92,Michael Jordan,0.8170731707317073,80.0,900.0,960.0,0.938,80.0,38.8,30.1,6.4,6.1,2.3,0.9,0.519,0.27,0.8320000000000001,17.7,0.27399999999999997,1,1
223,223,19.4,4.4,6.6,23.6,0.56,28.7,8.4,1991-92,Clyde Drexler,0.6951219512195121,12.0,561.0,960.0,0.584,76.0,36.2,25.0,6.6,6.7,1.8,0.9,0.47,0.337,0.794,12.8,0.223,2,0
224,224,15.8,0.1,8.3,27.5,0.597,24.7,10.0,1991-92,David Robinson,0.573170731707317,2.0,337.0,960.0,0.35100000000000003,68.0,37.7,23.2,12.2,2.7,2.3,4.5,0.551,0.125,0.701,13.9,0.26,3,0
225,225,18.7,0.2,10.7,25.4,0.599,30.3,5.3,1991-92,Karl Malone,0.6707317073170732,1.0,262.0,960.0,0.273,81.0,37.7,28.0,11.2,3.0,1.3,0.6,0.526,0.17600000000000002,0.778,15.1,0.237,4,0
226,226,18.6,0.1,6.2,22.8,0.563,27.2,4.0,1991-92,Patrick Ewing,0.6219512195121951,0.0,100.0,960.0,0.10400000000000001,82.0,38.4,24.0,11.2,1.9,1.1,3.0,0.522,0.16699999999999998,0.738,13.0,0.198,5,0
227,227,19.6,2.2,5.2,19.9,0.586,23.6,3.5,1991-92,Chris Mullin,0.6707317073170732,0.0,81.0,960.0,0.084,81.0,41.3,25.6,5.6,3.5,2.1,0.8,0.524,0.366,0.833,10.8,0.155,6,0
228,228,12.5,3.6,4.0,22.7,0.61,24.1,3.8,1991-92,Mark Price,0.6951219512195121,0.0,66.0,960.0,0.069,72.0,29.7,17.3,2.4,7.4,1.3,0.2,0.488,0.387,0.9470000000000001,9.1,0.205,7,0
229,229,19.7,4.6,4.8,19.1,0.537,24.4,2.6,1991-92,Tim Hardaway,0.6707317073170732,0.0,64.0,960.0,0.067,81.0,41.1,23.4,3.8,10.0,2.0,0.2,0.461,0.33799999999999997,0.7659999999999999,9.2,0.132,8,0
230,230,16.6,1.0,5.3,21.5,0.555,24.6,6.5,1991-92,Scottie Pippen,0.8170731707317073,1.0,32.0,960.0,0.033,82.0,38.6,21.0,7.7,7.0,1.9,1.1,0.506,0.2,0.76,12.7,0.192,9,0
231,231,7.7,1.2,1.7,17.0,0.574,11.1,4.9,1991-92,Dennis Rodman,0.5853658536585366,0.0,26.0,960.0,0.027000000000000003,82.0,40.3,9.8,18.7,2.3,0.8,0.9,0.539,0.317,0.6,12.6,0.183,10,0
239,239,18.1,2.9,7.7,25.9,0.596,26.9,8.3,1992-93,Charles Barkley,0.7560975609756098,59.0,835.0,980.0,0.852,76.0,37.6,25.6,12.2,5.1,1.6,1.0,0.52,0.305,0.765,14.4,0.242,1,1
240,240,19.5,0.1,7.0,27.3,0.5770000000000001,28.8,8.4,1992-93,Hakeem Olajuwon,0.6707317073170732,22.0,647.0,980.0,0.66,82.0,39.5,26.1,13.0,3.5,1.8,4.2,0.529,0.0,0.779,15.8,0.23399999999999999,2,0
241,241,25.7,2.9,7.3,29.7,0.564,34.7,9.5,1992-93,Michael Jordan,0.6951219512195121,13.0,565.0,980.0,0.5770000000000001,78.0,39.3,32.6,6.7,5.5,2.8,0.8,0.495,0.35200000000000004,0.8370000000000001,17.2,0.27,3,0
242,242,19.1,0.1,6.9,20.8,0.546,29.7,2.2,1992-93,Patrick Ewing,0.7317073170731707,4.0,359.0,980.0,0.366,81.0,37.1,24.2,12.1,1.9,0.9,2.0,0.503,0.14300000000000002,0.7190000000000001,10.6,0.17,4,0
243,243,22.3,4.5,8.8,24.3,0.57,31.9,3.6,1992-93,Dominique Wilkins,0.5243902439024389,0.0,54.0,980.0,0.055,71.0,37.3,29.9,6.8,3.2,1.0,0.4,0.46799999999999997,0.38,0.828,10.5,0.191,5,0
244,244,16.4,0.2,9.3,24.2,0.569,26.4,6.7,1992-93,David Robinson,0.5975609756097561,0.0,33.0,980.0,0.034,82.0,39.2,23.4,11.7,3.7,1.5,3.2,0.501,0.17600000000000002,0.732,13.2,0.19699999999999998,6,0
245,245,16.1,0.0,8.9,22.9,0.584,27.0,3.7,1992-93,Shaquille O'Neal,0.5,0.0,30.0,980.0,0.031,81.0,37.9,23.4,13.9,1.9,0.7,3.5,0.562,0.0,0.5920000000000001,10.4,0.163,7,0
246,246,17.6,0.2,10.2,26.2,0.612,28.4,7.6,1992-93,Karl Malone,0.573170731707317,0.0,10.0,980.0,0.01,82.0,37.8,27.0,11.2,3.8,1.5,1.0,0.552,0.2,0.74,15.4,0.23800000000000002,8,0
247,247,13.1,3.9,4.1,22.1,0.609,24.5,3.2,1992-93,Mark Price,0.6585365853658537,0.0,10.0,980.0,0.01,75.0,31.7,18.2,2.7,8.0,1.2,0.1,0.484,0.41600000000000004,0.948,9.8,0.19699999999999998,9,0
248,248,12.8,0.0,6.9,22.0,0.635,21.1,5.2,1992-93,Brad Daugherty,0.6585365853658537,0.0,1.0,980.0,0.001,71.0,37.9,20.2,10.2,4.4,0.7,0.8,0.5710000000000001,0.5,0.795,12.7,0.226,10,0
253,253,21.2,0.2,6.8,25.3,0.565,29.8,7.0,1993-94,Hakeem Olajuwon,0.7073170731707317,66.0,889.0,1010.0,0.88,80.0,41.0,27.3,11.9,3.6,1.6,3.7,0.528,0.42100000000000004,0.716,14.3,0.21,1,1
254,254,20.7,0.4,11.6,30.7,0.5770000000000001,32.0,10.9,1993-94,David Robinson,0.6707317073170732,24.0,730.0,1010.0,0.723,80.0,40.5,29.8,10.7,4.8,1.7,3.3,0.507,0.345,0.7490000000000001,20.0,0.29600000000000004,2,0
255,255,17.8,2.7,5.7,23.2,0.544,27.1,8.3,1993-94,Scottie Pippen,0.6707317073170732,7.0,390.0,1010.0,0.386,72.0,38.3,22.0,8.7,5.6,2.9,0.8,0.491,0.32,0.66,11.2,0.19399999999999998,3,0
256,256,19.6,0.0,10.5,28.5,0.605,29.0,6.6,1993-94,Shaquille O'Neal,0.6097560975609756,3.0,289.0,1010.0,0.28600000000000003,81.0,39.8,29.3,13.2,2.4,0.9,2.9,0.599,0.0,0.5539999999999999,16.9,0.252,4,0
257,257,19.0,0.2,7.4,22.9,0.551,29.8,4.5,1993-94,Patrick Ewing,0.6951219512195121,1.0,255.0,1010.0,0.252,79.0,37.6,24.5,11.2,2.3,1.1,2.7,0.496,0.28600000000000003,0.765,13.1,0.21100000000000002,5,0
258,258,14.1,0.7,3.4,17.8,0.526,21.6,2.8,1993-94,Gary Payton,0.7682926829268293,0.0,20.0,1010.0,0.02,82.0,35.1,16.5,3.3,6.0,2.3,0.2,0.504,0.278,0.595,9.3,0.155,6,0
259,259,12.5,0.1,6.2,22.9,0.593,24.2,6.5,1993-94,Shawn Kemp,0.7682926829268293,0.0,17.0,1010.0,0.017,79.0,32.9,18.1,10.8,2.6,1.8,2.1,0.5379999999999999,0.25,0.741,11.7,0.21600000000000003,7,0
260,260,18.9,0.4,9.0,22.9,0.55,28.0,6.3,1993-94,Karl Malone,0.6463414634146342,0.0,17.0,1010.0,0.017,82.0,40.6,25.2,11.5,4.0,1.5,1.5,0.49700000000000005,0.25,0.6940000000000001,13.4,0.193,8,0
261,261,13.2,3.9,3.5,22.7,0.586,24.6,4.6,1993-94,Mark Price,0.573170731707317,0.0,7.0,1010.0,0.006999999999999999,76.0,31.4,17.3,3.0,7.8,1.4,0.1,0.478,0.397,0.888,10.0,0.201,9,0
262,262,16.1,2.7,7.0,22.8,0.563,26.5,5.7,1993-94,Charles Barkley,0.6829268292682927,0.0,5.0,1010.0,0.005,65.0,35.4,21.6,11.2,4.6,1.6,0.6,0.495,0.27,0.7040000000000001,8.8,0.185,10,0
270,270,18.4,0.2,10.5,29.1,0.602,29.9,8.4,1994-95,David Robinson,0.7560975609756098,73.0,901.0,1050.0,0.858,81.0,38.0,27.6,10.8,2.9,1.7,3.2,0.53,0.3,0.774,17.5,0.273,1,1
271,271,20.2,0.1,10.8,28.6,0.588,31.9,5.4,1994-95,Shaquille O'Neal,0.6951219512195121,12.0,605.0,1050.0,0.5760000000000001,79.0,37.0,29.3,11.4,2.7,0.9,2.4,0.583,0.0,0.5329999999999999,14.0,0.23,2,0
272,272,18.9,0.5,8.5,25.1,0.59,30.3,5.8,1994-95,Karl Malone,0.7317073170731707,14.0,532.0,1050.0,0.507,82.0,38.1,26.7,10.6,3.5,1.6,1.0,0.536,0.268,0.742,13.8,0.212,3,0
273,273,18.4,0.3,7.1,21.9,0.555,30.7,2.2,1994-95,Patrick Ewing,0.6707317073170732,2.0,230.0,1050.0,0.21899999999999997,79.0,37.0,23.9,11.0,2.7,0.9,2.0,0.503,0.28600000000000003,0.75,9.6,0.157,4,0
274,274,21.5,0.2,7.5,26.0,0.563,31.7,5.3,1994-95,Hakeem Olajuwon,0.573170731707317,1.0,147.0,1050.0,0.14,72.0,39.6,27.8,10.8,3.5,1.8,3.4,0.517,0.188,0.7559999999999999,10.7,0.18100000000000002,5,0
275,275,16.8,3.2,7.5,25.2,0.5720000000000001,27.5,6.4,1994-95,Charles Barkley,0.7195121951219512,1.0,96.0,1050.0,0.091,68.0,35.0,23.0,11.1,4.1,1.6,0.7,0.486,0.33799999999999997,0.748,10.6,0.214,6,0
276,276,16.7,4.0,5.6,22.6,0.5589999999999999,26.3,7.8,1994-95,Scottie Pippen,0.573170731707317,1.0,83.0,1050.0,0.079,79.0,38.2,21.4,8.1,5.2,2.9,1.1,0.48,0.345,0.716,11.8,0.188,7,0
277,277,9.6,2.8,3.7,23.3,0.6509999999999999,18.9,5.5,1994-95,John Stockton,0.7317073170731707,1.0,47.0,1050.0,0.045,82.0,35.0,14.7,3.1,12.3,2.4,0.3,0.542,0.449,0.804,13.9,0.233,8,0
278,278,16.4,2.8,4.2,21.3,0.564,24.4,4.5,1994-95,Gary Payton,0.6951219512195121,0.0,34.0,1050.0,0.032,82.0,36.8,20.6,3.4,7.1,2.5,0.2,0.509,0.302,0.716,11.7,0.187,9,0
279,279,14.8,3.2,6.0,20.8,0.599,23.7,4.2,1994-95,Anfernee Hardaway,0.6951219512195121,0.0,23.0,1050.0,0.022000000000000002,77.0,37.7,20.9,4.4,7.2,1.7,0.3,0.512,0.349,0.769,10.7,0.177,10,0
285,285,22.6,3.2,8.0,29.4,0.5820000000000001,33.3,8.6,1995-96,Michael Jordan,0.8780487804878049,109.0,1114.0,1130.0,0.986,82.0,37.7,30.4,6.6,4.3,2.2,0.5,0.495,0.42700000000000005,0.8340000000000001,20.4,0.317,1,1
286,286,16.8,0.1,10.0,29.4,0.589,28.8,9.2,1995-96,David Robinson,0.7195121951219512,0.0,574.0,1130.0,0.508,82.0,36.8,25.0,12.2,3.0,1.4,3.3,0.516,0.33299999999999996,0.7609999999999999,18.3,0.29,2,0
287,287,14.8,3.5,7.1,24.6,0.605,25.5,6.4,1995-96,Anfernee Hardaway,0.7317073170731707,2.0,360.0,1130.0,0.319,82.0,36.8,21.7,4.3,7.1,2.0,0.5,0.513,0.314,0.767,14.4,0.22899999999999998,3,0
288,288,20.8,0.2,7.6,25.5,0.5579999999999999,31.9,4.6,1995-96,Hakeem Olajuwon,0.5853658536585366,1.0,238.0,1130.0,0.21100000000000002,72.0,38.8,26.9,10.9,3.6,1.6,2.9,0.514,0.214,0.7240000000000001,9.7,0.166,4,0
289,289,15.8,5.2,4.2,21.0,0.551,24.4,6.8,1995-96,Scottie Pippen,0.8780487804878049,0.0,226.0,1130.0,0.2,77.0,36.7,19.4,6.4,5.9,1.7,0.7,0.46299999999999997,0.374,0.679,12.3,0.209,5,0
290,290,15.8,3.7,3.8,19.6,0.5539999999999999,23.6,4.7,1995-96,Gary Payton,0.7804878048780488,0.0,98.0,1130.0,0.087,81.0,39.0,19.3,4.2,7.5,2.9,0.2,0.484,0.32799999999999996,0.748,11.5,0.174,6,0
291,291,18.5,0.5,8.6,26.0,0.575,29.8,7.3,1995-96,Karl Malone,0.6707317073170732,1.0,85.0,1130.0,0.075,82.0,38.0,25.7,9.8,4.2,1.7,0.7,0.519,0.4,0.723,15.1,0.233,7,0
292,292,11.9,0.2,8.4,22.6,0.631,26.2,3.8,1995-96,Shawn Kemp,0.7804878048780488,0.0,73.0,1130.0,0.065,79.0,33.3,19.6,11.4,2.2,1.2,1.6,0.561,0.41700000000000004,0.742,11.2,0.205,8,0
294,294,19.1,0.0,9.5,26.4,0.57,32.8,3.5,1995-96,Shaquille O'Neal,0.7317073170731707,0.0,63.0,1130.0,0.055999999999999994,54.0,36.0,26.6,11.0,2.9,0.6,2.1,0.573,0.5,0.48700000000000004,6.9,0.171,9,0
293,293,15.3,0.3,8.1,20.9,0.537,25.9,5.1,1995-96,Grant Hill,0.5609756097560976,0.0,63.0,1130.0,0.055999999999999994,80.0,40.8,20.2,9.8,6.9,1.3,0.6,0.462,0.192,0.7509999999999999,11.7,0.172,10,0
302,302,19.2,0.2,8.4,28.9,0.6,32.7,8.5,1996-97,Karl Malone,0.7804878048780488,63.0,986.0,1150.0,0.857,82.0,36.6,27.4,9.9,4.5,1.4,0.6,0.55,0.0,0.755,16.7,0.268,1,1
303,303,23.1,3.6,7.0,27.8,0.5670000000000001,33.2,6.7,1996-97,Michael Jordan,0.8414634146341463,52.0,957.0,1150.0,0.8320000000000001,82.0,37.9,29.6,5.9,4.3,1.7,0.5,0.486,0.374,0.833,18.3,0.28300000000000003,2,0
304,304,15.7,0.4,7.9,25.5,0.556,28.3,8.0,1996-97,Grant Hill,0.6585365853658537,0.0,376.0,1150.0,0.327,80.0,39.3,21.4,9.0,7.3,1.8,0.6,0.496,0.303,0.711,14.6,0.223,3,0
305,305,17.1,7.3,4.5,20.8,0.532,26.6,5.1,1996-97,Tim Hardaway,0.7439024390243902,0.0,238.0,1150.0,0.207,81.0,38.7,20.3,3.4,8.6,1.9,0.1,0.415,0.344,0.799,12.9,0.198,4,0
306,306,19.2,5.6,6.8,19.7,0.605,26.9,1.2,1996-97,Glen Rice,0.6585365853658537,0.0,134.0,1150.0,0.11699999999999999,79.0,42.6,26.8,4.0,2.0,0.9,0.3,0.47700000000000004,0.47,0.867,10.8,0.154,5,0
307,307,18.1,4.6,4.3,21.8,0.545,26.4,5.6,1996-97,Gary Payton,0.6951219512195121,0.0,105.0,1150.0,0.091,82.0,39.2,21.8,4.6,7.1,2.4,0.2,0.47600000000000003,0.313,0.715,12.9,0.193,6,0
308,308,18.3,0.2,5.7,22.7,0.5579999999999999,30.4,3.2,1996-97,Hakeem Olajuwon,0.6951219512195121,0.0,95.0,1150.0,0.083,78.0,36.6,23.2,9.2,3.0,1.5,2.2,0.51,0.313,0.787,9.1,0.154,7,0
309,309,17.2,0.1,7.5,21.3,0.5479999999999999,29.8,1.7,1996-97,Patrick Ewing,0.6951219512195121,0.0,57.0,1150.0,0.05,78.0,37.0,22.4,10.7,2.0,0.9,2.4,0.488,0.222,0.754,9.8,0.163,8,0
310,310,11.3,0.0,5.9,18.9,0.585,17.6,4.5,1996-97,Anthony Mason,0.6585365853658537,0.0,7.0,1150.0,0.006,73.0,43.1,16.2,11.4,5.7,1.0,0.5,0.525,0.33299999999999996,0.745,11.4,0.17300000000000001,9,0
311,311,19.4,0.1,9.4,27.1,0.556,31.1,6.3,1996-97,Shaquille O'Neal,0.6829268292682927,0.0,7.0,1150.0,0.006,51.0,38.1,26.2,12.5,3.1,0.9,2.9,0.557,0.0,0.484,8.0,0.19699999999999998,10,0
322,322,23.1,1.5,8.8,25.2,0.5329999999999999,33.7,4.6,1997-98,Michael Jordan,0.7560975609756098,92.0,1084.0,1160.0,0.934,82.0,38.8,28.7,5.8,3.5,1.7,0.5,0.465,0.23800000000000002,0.784,15.8,0.23800000000000002,1,1
323,323,18.2,0.1,10.2,27.9,0.597,31.8,7.0,1997-98,Karl Malone,0.7560975609756098,20.0,842.0,1160.0,0.726,81.0,37.4,27.0,10.3,3.9,1.2,0.9,0.53,0.33299999999999996,0.7609999999999999,16.4,0.259,2,0
324,324,15.6,4.8,4.6,21.6,0.544,24.6,5.0,1997-98,Gary Payton,0.7439024390243902,3.0,431.0,1160.0,0.37200000000000005,82.0,38.4,19.2,4.6,8.3,2.3,0.2,0.45299999999999996,0.33799999999999997,0.7440000000000001,12.5,0.19,3,0
325,325,19.1,0.0,11.4,28.8,0.5870000000000001,32.9,4.6,1997-98,Shaquille O'Neal,0.7439024390243902,1.0,311.0,1160.0,0.268,60.0,36.3,28.3,11.4,2.4,0.7,2.4,0.584,0.0,0.527,10.2,0.22399999999999998,4,0
326,326,15.7,0.1,5.9,22.6,0.5770000000000001,26.0,5.5,1997-98,Tim Duncan,0.6829268292682927,0.0,148.0,1160.0,0.128,82.0,39.1,21.1,11.9,2.7,0.7,2.5,0.5489999999999999,0.0,0.662,12.8,0.192,5,0
327,327,16.0,5.5,4.1,20.6,0.53,25.6,4.6,1997-98,Tim Hardaway,0.6707317073170732,0.0,71.0,1160.0,0.061,81.0,37.4,18.9,3.7,8.3,1.7,0.2,0.431,0.35100000000000003,0.7809999999999999,11.7,0.185,6,0
328,328,14.6,0.1,9.0,27.8,0.581,29.7,7.8,1997-98,David Robinson,0.6829268292682927,0.0,36.0,1160.0,0.031,73.0,33.7,21.6,10.6,2.7,0.9,2.6,0.511,0.25,0.735,13.8,0.26899999999999996,7,0
329,329,14.2,0.1,6.4,20.4,0.564,24.7,2.0,1997-98,Vin Baker,0.7439024390243902,0.0,24.0,1160.0,0.021,82.0,35.9,19.2,8.0,1.9,1.1,1.0,0.542,0.14300000000000002,0.591,10.4,0.16899999999999998,8,0
330,330,16.8,0.3,8.0,21.2,0.52,27.3,4.8,1997-98,Grant Hill,0.451219512195122,0.0,23.0,1160.0,0.02,81.0,40.7,21.1,7.7,6.8,1.8,0.7,0.452,0.14300000000000002,0.74,10.2,0.149,9,0
331,331,16.0,4.4,4.4,20.4,0.5329999999999999,24.4,5.8,1997-98,Scottie Pippen,0.7560975609756098,0.0,14.0,1160.0,0.012,44.0,37.5,19.1,5.2,5.8,1.8,1.0,0.447,0.318,0.777,6.6,0.193,10,0
341,341,16.3,0.0,9.8,25.6,0.5770000000000001,30.5,6.8,1998-99,Karl Malone,0.74,44.0,827.0,1180.0,0.701,49.0,37.4,23.8,9.4,4.1,1.3,0.6,0.493,0.0,0.7879999999999999,9.6,0.252,1,1
342,342,13.8,0.0,9.2,24.6,0.563,27.1,4.8,1998-99,Alonzo Mourning,0.66,36.0,773.0,1180.0,0.655,46.0,38.1,20.1,11.0,1.6,0.7,3.9,0.511,0.0,0.652,7.9,0.21600000000000003,2,0
343,343,16.9,0.1,7.2,23.2,0.541,27.2,4.9,1998-99,Tim Duncan,0.74,30.0,740.0,1180.0,0.627,50.0,39.3,21.7,11.4,2.4,0.9,2.5,0.495,0.14300000000000002,0.69,8.7,0.213,3,0
344,344,22.0,4.1,9.9,22.2,0.508,32.6,4.6,1998-99,Allen Iverson,0.56,5.0,319.0,1180.0,0.27,48.0,41.5,26.8,4.9,4.6,2.3,0.1,0.41200000000000003,0.29100000000000004,0.7509999999999999,7.2,0.17300000000000001,4,0
345,345,14.0,2.5,4.8,22.5,0.527,21.4,5.8,1998-99,Jason Kidd,0.54,2.0,159.0,1180.0,0.135,50.0,41.2,16.9,6.8,10.8,2.3,0.4,0.444,0.366,0.757,8.1,0.188,5,0
346,346,18.1,0.0,10.2,30.6,0.584,32.4,6.3,1998-99,Shaquille O'Neal,0.62,1.0,89.0,1180.0,0.075,49.0,34.8,26.3,10.7,2.3,0.7,1.7,0.5760000000000001,0.0,0.54,9.0,0.255,6,0
347,347,18.5,0.8,4.1,19.5,0.491,24.9,3.0,1998-99,Chris Webber,0.54,0.0,51.0,1180.0,0.043,42.0,40.9,20.0,13.0,4.1,1.4,2.1,0.486,0.11800000000000001,0.45399999999999996,3.6,0.102,7,0
348,348,16.0,0.3,7.6,23.9,0.5429999999999999,29.6,6.0,1998-99,Grant Hill,0.58,0.0,39.0,1180.0,0.033,50.0,37.0,21.1,7.1,6.0,1.6,0.5,0.479,0.0,0.752,7.3,0.18899999999999997,8,0
349,349,18.5,5.6,5.5,23.1,0.519,27.1,5.4,1998-99,Gary Payton,0.5,0.0,35.0,1180.0,0.03,50.0,40.2,21.7,4.9,8.7,2.2,0.2,0.434,0.295,0.721,7.2,0.172,9,0
350,350,19.1,0.3,4.4,22.4,0.493,27.8,5.7,1998-99,Kevin Garnett,0.5,0.0,9.0,1180.0,0.008,47.0,37.9,20.8,10.4,4.3,1.7,1.8,0.46,0.28600000000000003,0.7040000000000001,5.4,0.146,10,0
362,362,21.1,0.0,10.4,30.6,0.578,31.2,9.7,1999-00,Shaquille O'Neal,0.8170731707317073,120.0,1207.0,1210.0,0.998,79.0,40.0,29.7,13.6,3.8,0.5,3.0,0.574,0.0,0.524,18.6,0.28300000000000003,1,1
363,363,18.8,1.0,5.0,23.6,0.545,27.4,6.1,1999-00,Kevin Garnett,0.6097560975609756,0.0,408.0,1210.0,0.337,81.0,40.0,22.9,11.8,5.0,1.5,1.6,0.49700000000000005,0.37,0.765,11.6,0.172,2,0
364,364,15.0,0.1,7.4,25.8,0.596,28.1,4.6,1999-00,Alonzo Mourning,0.6341463414634146,0.0,367.0,1210.0,0.303,79.0,34.8,21.7,9.5,1.6,0.5,3.7,0.551,0.0,0.711,12.9,0.226,3,0
365,365,18.0,0.1,9.0,27.1,0.5820000000000001,31.9,6.9,1999-00,Karl Malone,0.6707317073170732,0.0,312.0,1210.0,0.258,82.0,35.9,25.5,9.5,3.7,1.0,0.9,0.509,0.25,0.797,15.3,0.249,4,0
366,366,17.3,0.1,8.1,24.8,0.555,28.7,6.1,1999-00,Tim Duncan,0.6463414634146342,0.0,248.0,1210.0,0.205,74.0,38.9,23.2,12.4,3.2,0.9,2.2,0.49,0.091,0.7609999999999999,13.0,0.218,5,0
367,367,20.3,6.3,5.2,23.6,0.535,26.8,6.8,1999-00,Gary Payton,0.5487804878048781,0.0,180.0,1210.0,0.149,82.0,41.8,24.2,6.5,8.9,1.9,0.2,0.44799999999999995,0.34,0.735,13.9,0.195,6,0
368,368,24.8,3.7,8.9,20.0,0.496,34.4,2.6,1999-00,Allen Iverson,0.5975609756097561,1.0,132.0,1210.0,0.109,70.0,40.8,28.4,3.8,4.7,2.1,0.1,0.42100000000000004,0.341,0.713,6.9,0.11599999999999999,7,0
369,369,19.2,1.3,8.2,24.5,0.565,30.5,4.8,1999-00,Grant Hill,0.5121951219512195,0.0,113.0,1210.0,0.09300000000000001,74.0,37.5,25.8,6.6,5.2,1.4,0.6,0.489,0.34700000000000003,0.795,10.7,0.185,8,0
370,370,20.6,1.3,5.5,23.4,0.53,28.2,5.9,1999-00,Chris Webber,0.5365853658536586,0.0,96.0,1210.0,0.079,75.0,38.4,24.5,10.5,4.6,1.6,1.7,0.483,0.284,0.7509999999999999,10.7,0.179,9,0
371,371,20.7,2.9,6.7,23.4,0.5429999999999999,30.0,4.6,1999-00,Vince Carter,0.5487804878048781,0.0,51.0,1210.0,0.042,82.0,38.1,25.7,5.8,3.9,1.3,1.1,0.465,0.40299999999999997,0.7909999999999999,11.8,0.182,10,0
378,378,25.5,4.3,10.1,24.0,0.518,35.9,4.8,2000-01,Allen Iverson,0.6829268292682927,93.0,1121.0,1240.0,0.904,71.0,42.0,31.1,3.8,4.6,2.5,0.3,0.42,0.32,0.8140000000000001,11.8,0.19,1,1
379,379,17.1,0.3,8.1,23.8,0.536,28.7,5.4,2000-01,Tim Duncan,0.7073170731707317,18.0,706.0,1240.0,0.569,82.0,38.7,22.2,12.2,3.0,0.9,2.3,0.499,0.259,0.618,13.2,0.2,2,0
380,380,19.2,0.0,13.1,30.2,0.574,31.6,7.3,2000-01,Shaquille O'Neal,0.6829268292682927,7.0,578.0,1240.0,0.466,74.0,39.5,28.7,12.7,3.7,0.6,2.8,0.5720000000000001,0.0,0.513,14.9,0.245,3,0
381,381,23.4,0.4,6.6,24.7,0.516,31.6,4.9,2000-01,Chris Webber,0.6707317073170732,5.0,521.0,1240.0,0.42,70.0,40.5,27.1,11.1,4.2,1.3,1.7,0.48100000000000004,0.071,0.703,11.0,0.18600000000000003,4,0
382,382,18.2,0.8,5.8,23.9,0.531,27.0,5.7,2000-01,Kevin Garnett,0.573170731707317,1.0,151.0,1240.0,0.122,81.0,39.5,22.0,11.4,5.0,1.4,1.8,0.47700000000000004,0.28800000000000003,0.764,11.8,0.17600000000000002,5,0
383,383,22.4,2.2,7.6,24.9,0.521,31.2,5.6,2000-01,Tracy McGrady,0.5243902439024389,0.0,64.0,1240.0,0.052000000000000005,77.0,40.1,26.8,7.5,4.6,1.5,1.5,0.457,0.355,0.733,12.2,0.18899999999999997,6,0
384,384,16.6,0.1,8.3,24.7,0.5720000000000001,30.0,5.9,2000-01,Karl Malone,0.6463414634146342,0.0,21.0,1240.0,0.017,81.0,35.7,23.2,8.3,4.5,1.1,0.8,0.498,0.4,0.7929999999999999,13.1,0.217,7,0
385,385,14.2,3.0,5.2,19.4,0.51,22.7,4.8,2000-01,Jason Kidd,0.6219512195121951,0.0,18.0,1240.0,0.015,77.0,39.8,16.9,6.4,9.8,2.2,0.3,0.41100000000000003,0.297,0.8140000000000001,9.6,0.15,8,0
386,386,22.2,2.9,8.2,24.5,0.552,31.8,4.2,2000-01,Kobe Bryant,0.6829268292682927,0.0,11.0,1240.0,0.009000000000000001,68.0,40.9,28.5,5.9,5.0,1.7,0.6,0.46399999999999997,0.305,0.853,11.3,0.196,9,0
387,387,10.3,0.0,5.9,23.7,0.5589999999999999,22.8,5.5,2000-01,David Robinson,0.7073170731707317,0.0,8.0,1240.0,0.006,80.0,29.6,14.4,8.6,1.5,1.0,2.5,0.486,0.0,0.747,12.1,0.24600000000000002,10,0
395,395,18.3,0.1,8.5,27.0,0.5760000000000001,29.0,7.6,2001-02,Tim Duncan,0.7073170731707317,57.0,954.0,1260.0,0.757,82.0,40.6,25.5,12.7,3.7,0.7,2.5,0.508,0.1,0.799,17.8,0.257,1,1
396,396,13.9,4.4,3.0,19.1,0.484,22.5,5.1,2001-02,Jason Kidd,0.6341463414634146,45.0,897.0,1260.0,0.7120000000000001,82.0,37.3,14.7,7.3,9.9,2.1,0.2,0.391,0.321,0.8140000000000001,8.9,0.14,2,0
397,397,18.3,0.0,10.7,29.7,0.59,31.8,7.0,2001-02,Shaquille O'Neal,0.7073170731707317,15.0,696.0,1260.0,0.552,67.0,36.1,27.2,10.7,3.0,0.6,2.0,0.579,0.0,0.555,13.2,0.262,3,0
398,398,20.9,3.7,7.3,25.1,0.532,31.1,6.0,2001-02,Tracy McGrady,0.5365853658536586,7.0,390.0,1260.0,0.31,76.0,38.3,25.6,7.9,5.3,1.6,1.0,0.451,0.364,0.748,11.5,0.18899999999999997,4,0
399,399,20.0,1.7,7.4,23.2,0.544,30.4,4.4,2001-02,Kobe Bryant,0.7073170731707317,1.0,98.0,1260.0,0.078,80.0,38.3,25.2,5.5,5.5,1.5,0.4,0.469,0.25,0.8290000000000001,12.7,0.19899999999999998,5,0
400,400,19.2,2.9,4.1,22.9,0.526,27.2,4.6,2001-02,Gary Payton,0.5487804878048781,1.0,54.0,1260.0,0.043,82.0,40.3,22.1,4.8,9.0,1.6,0.3,0.467,0.314,0.797,12.6,0.183,6,0
401,401,19.9,0.4,6.3,24.4,0.54,29.0,6.2,2001-02,Chris Webber,0.7439024390243902,0.0,37.0,1260.0,0.028999999999999998,54.0,38.4,24.5,10.1,4.8,1.7,1.4,0.495,0.263,0.7490000000000001,8.6,0.2,7,0
402,402,16.6,4.6,6.8,24.1,0.599,25.5,4.7,2001-02,Dirk Nowitzki,0.6951219512195121,0.0,31.0,1260.0,0.025,76.0,38.0,23.4,9.9,2.4,1.1,1.0,0.47700000000000004,0.397,0.853,13.4,0.222,8,0
403,403,27.8,4.5,9.8,21.9,0.489,37.8,3.8,2001-02,Allen Iverson,0.5243902439024389,0.0,29.0,1260.0,0.023,60.0,43.7,31.4,4.5,5.5,2.8,0.2,0.39799999999999996,0.29100000000000004,0.812,6.9,0.126,9,0
404,404,6.0,0.0,2.9,18.6,0.522,10.5,5.9,2001-02,Ben Wallace,0.6097560975609756,0.0,24.0,1260.0,0.019,80.0,36.5,7.6,13.0,1.4,1.7,3.5,0.531,0.0,0.423,11.6,0.19,10,0
413,413,17.2,0.3,7.8,26.9,0.564,28.0,7.4,2002-03,Tim Duncan,0.7317073170731707,60.0,962.0,1190.0,0.8079999999999999,81.0,39.3,23.3,12.9,3.9,0.7,2.9,0.513,0.273,0.71,16.5,0.248,1,1
414,414,18.1,0.9,6.1,26.4,0.5529999999999999,26.4,8.7,2002-03,Kevin Garnett,0.6219512195121951,43.0,871.0,1190.0,0.732,82.0,40.5,23.0,13.4,6.0,1.4,1.6,0.502,0.282,0.7509999999999999,15.6,0.225,2,0
415,415,23.5,4.0,8.7,26.2,0.55,32.9,6.4,2002-03,Kobe Bryant,0.6097560975609756,8.0,496.0,1190.0,0.41700000000000004,82.0,41.5,30.0,6.9,5.9,2.2,0.8,0.451,0.38299999999999995,0.843,14.9,0.21,3,0
416,416,24.2,6.0,9.7,30.3,0.564,35.2,9.7,2002-03,Tracy McGrady,0.5121951219512195,4.0,427.0,1190.0,0.359,75.0,39.4,32.1,6.5,5.5,1.7,0.8,0.457,0.386,0.7929999999999999,16.1,0.262,4,0
417,417,18.1,0.0,10.8,29.5,0.602,30.2,6.3,2002-03,Shaquille O'Neal,0.6097560975609756,3.0,126.0,1190.0,0.106,67.0,37.8,27.5,11.1,3.1,0.6,2.4,0.574,0.0,0.622,13.2,0.25,5,0
418,418,23.7,3.7,9.0,21.2,0.5,32.9,2.8,2002-03,Allen Iverson,0.5853658536585366,0.0,83.0,1190.0,0.07,82.0,42.5,27.6,4.2,5.5,2.7,0.2,0.414,0.27699999999999997,0.774,9.2,0.127,6,0
419,419,18.6,4.9,6.9,25.6,0.581,27.4,5.7,2002-03,Dirk Nowitzki,0.7317073170731707,0.0,43.0,1190.0,0.036000000000000004,80.0,39.0,25.1,9.9,3.0,1.4,1.0,0.46299999999999997,0.379,0.8809999999999999,16.1,0.249,7,0
420,420,6.0,0.1,2.6,17.2,0.486,10.2,5.1,2002-03,Ben Wallace,0.6097560975609756,1.0,33.0,1190.0,0.027999999999999997,73.0,39.4,6.9,15.4,1.6,1.4,3.2,0.48100000000000004,0.16699999999999998,0.45,10.6,0.17600000000000002,8,0
421,421,15.6,4.6,5.0,22.2,0.526,25.9,6.9,2002-03,Jason Kidd,0.5975609756097561,0.0,31.0,1190.0,0.026000000000000002,80.0,37.4,18.7,6.3,8.9,2.2,0.3,0.414,0.341,0.841,11.3,0.182,9,0
422,422,21.4,0.3,5.3,20.9,0.485,30.4,3.8,2002-03,Chris Webber,0.7195121951219512,0.0,19.0,1190.0,0.016,67.0,39.1,23.0,10.5,5.4,1.6,1.3,0.461,0.23800000000000002,0.607,6.9,0.127,10,0
426,426,19.6,0.5,5.7,29.4,0.547,29.6,9.9,2003-04,Kevin Garnett,0.7073170731707317,120.0,1219.0,1230.0,0.991,82.0,39.4,24.2,13.9,5.0,1.5,2.2,0.499,0.256,0.7909999999999999,18.3,0.272,1,1
427,427,17.1,0.2,8.5,27.1,0.534,29.7,7.3,2003-04,Tim Duncan,0.6951219512195121,0.0,716.0,1230.0,0.5820000000000001,69.0,36.6,22.3,12.4,3.1,0.9,2.7,0.501,0.16699999999999998,0.599,13.1,0.249,2,0
428,428,17.9,0.2,5.9,21.1,0.489,30.2,1.8,2003-04,Jermaine O'Neal,0.7439024390243902,2.0,523.0,1230.0,0.425,78.0,35.7,20.1,10.0,2.1,0.8,2.6,0.434,0.111,0.757,9.0,0.155,3,0
429,429,17.1,6.8,5.2,21.8,0.624,23.9,3.7,2003-04,Peja Stojakovic,0.6707317073170732,1.0,281.0,1230.0,0.228,81.0,40.3,24.2,6.3,2.1,1.3,0.2,0.48,0.433,0.927,13.5,0.198,4,0
430,430,18.1,3.3,8.2,23.7,0.551,29.1,5.7,2003-04,Kobe Bryant,0.6829268292682927,0.0,212.0,1230.0,0.172,65.0,37.6,24.0,5.5,5.1,1.7,0.4,0.43799999999999994,0.327,0.852,10.7,0.21,5,0
431,431,14.1,0.0,10.1,24.4,0.578,26.3,5.4,2003-04,Shaquille O'Neal,0.6829268292682927,0.0,178.0,1230.0,0.145,67.0,36.8,21.5,11.5,2.9,0.5,2.5,0.584,0.0,0.49,9.9,0.192,6,0
432,432,9.2,0.1,3.6,17.3,0.441,15.3,5.1,2003-04,Ben Wallace,0.6585365853658537,0.0,24.0,1230.0,0.02,81.0,37.7,9.5,12.4,1.7,1.8,3.0,0.42100000000000004,0.125,0.49,10.2,0.16,7,0
433,433,14.3,4.4,3.7,19.7,0.485,24.6,4.5,2003-04,Jason Kidd,0.573170731707317,0.0,17.0,1230.0,0.013999999999999999,67.0,36.6,15.5,6.4,9.2,1.8,0.2,0.384,0.321,0.8270000000000001,7.2,0.141,8,0
434,434,18.9,2.7,5.8,18.3,0.488,28.2,1.9,2003-04,LeBron James,0.4268292682926829,0.0,11.0,1230.0,0.009000000000000001,79.0,39.5,20.9,5.5,5.9,1.6,0.7,0.41700000000000004,0.29,0.754,5.1,0.078,9,0
435,435,15.7,2.3,4.1,22.8,0.5660000000000001,27.2,4.3,2003-04,Sam Cassell,0.7073170731707317,0.0,4.0,1230.0,0.003,81.0,35.0,19.8,3.3,7.3,1.3,0.2,0.488,0.39799999999999996,0.873,12.1,0.205,10,0
442,442,11.4,2.9,3.2,22.0,0.606,20.5,1.7,2004-05,Steve Nash,0.7560975609756098,65.0,1066.0,1270.0,0.8390000000000001,75.0,34.3,15.5,3.3,11.5,1.0,0.1,0.502,0.431,0.887,10.9,0.203,1,1
443,443,15.0,0.0,10.5,27.0,0.583,30.5,5.6,2004-05,Shaquille O'Neal,0.7195121951219512,58.0,1032.0,1270.0,0.813,73.0,34.1,22.9,10.4,2.7,0.5,2.3,0.601,0.0,0.461,11.0,0.21100000000000002,2,0
444,444,18.5,2.9,9.1,26.1,0.578,28.7,5.7,2004-05,Dirk Nowitzki,0.7073170731707317,0.0,349.0,1270.0,0.275,78.0,38.7,26.1,9.7,3.1,1.2,1.5,0.45899999999999996,0.39899999999999997,0.8690000000000001,15.6,0.248,3,0
445,445,15.8,0.1,6.9,27.0,0.54,28.9,6.4,2004-05,Tim Duncan,0.7195121951219512,1.0,328.0,1270.0,0.258,66.0,33.4,20.3,11.1,2.7,0.7,2.6,0.496,0.33299999999999996,0.67,11.2,0.245,4,0
446,446,24.2,4.5,10.5,23.2,0.532,35.0,4.3,2004-05,Allen Iverson,0.5243902439024389,2.0,240.0,1270.0,0.18899999999999997,75.0,42.3,30.7,4.0,7.9,2.4,0.1,0.424,0.308,0.835,9.0,0.136,5,0
447,447,21.1,3.9,8.0,25.7,0.5539999999999999,29.7,8.3,2004-05,LeBron James,0.5121951219512195,0.0,93.0,1270.0,0.073,80.0,42.4,27.2,7.4,7.2,2.2,0.7,0.47200000000000003,0.35100000000000003,0.75,14.3,0.203,6,0
448,448,21.3,5.6,7.1,22.9,0.526,31.2,6.8,2004-05,Tracy McGrady,0.6219512195121951,0.0,44.0,1270.0,0.035,78.0,40.8,25.7,6.2,5.7,1.7,0.7,0.431,0.326,0.774,12.0,0.18,7,0
449,449,17.1,0.6,9.9,23.1,0.561,30.9,4.4,2004-05,Dwyane Wade,0.7195121951219512,0.0,43.0,1270.0,0.034,77.0,38.6,24.1,5.2,6.8,1.6,1.1,0.478,0.289,0.762,11.0,0.177,8,0
450,450,16.7,0.2,9.9,26.6,0.617,28.3,3.4,2004-05,Amar'e Stoudemire,0.7560975609756098,1.0,41.0,1270.0,0.032,80.0,36.1,26.0,8.9,1.6,1.0,1.6,0.5589999999999999,0.188,0.733,14.6,0.243,9,0
451,451,19.2,7.1,5.5,20.9,0.555,28.0,3.7,2004-05,Ray Allen,0.6341463414634146,0.0,41.0,1270.0,0.032,78.0,39.3,23.9,4.4,3.7,1.1,0.1,0.428,0.376,0.883,10.7,0.168,10,0
458,458,13.4,4.3,3.5,23.3,0.632,23.3,3.7,2005-06,Steve Nash,0.6585365853658537,57.0,924.0,1250.0,0.7390000000000001,79.0,35.4,18.8,4.2,10.5,0.8,0.2,0.512,0.439,0.9209999999999999,12.4,0.212,1,1
459,459,23.1,4.8,10.3,28.1,0.568,33.6,9.3,2005-06,LeBron James,0.6097560975609756,16.0,688.0,1250.0,0.55,79.0,42.5,31.4,7.0,6.6,1.6,0.8,0.48,0.335,0.738,16.3,0.23199999999999998,2,0
460,460,19.3,3.3,7.4,28.1,0.589,30.0,5.7,2005-06,Dirk Nowitzki,0.7317073170731707,14.0,544.0,1250.0,0.435,81.0,38.1,26.6,9.0,2.8,0.7,1.0,0.48,0.406,0.9009999999999999,17.7,0.275,3,0
461,461,27.2,6.5,10.2,28.0,0.5589999999999999,38.7,5.8,2005-06,Kobe Bryant,0.5487804878048781,22.0,483.0,1250.0,0.386,80.0,41.0,35.4,5.3,4.5,1.8,0.4,0.45,0.34700000000000003,0.85,15.3,0.22399999999999998,4,0
462,462,12.5,5.2,6.4,23.4,0.602,22.9,4.7,2005-06,Chauncey Billups,0.7804878048780488,15.0,430.0,1250.0,0.344,81.0,36.1,18.5,3.1,8.6,0.9,0.1,0.418,0.433,0.894,15.5,0.254,5,0
463,463,18.8,1.0,10.7,27.6,0.5770000000000001,32.5,7.5,2005-06,Dwyane Wade,0.6341463414634146,0.0,87.0,1250.0,0.07,75.0,38.6,27.2,5.7,6.7,1.9,0.8,0.495,0.171,0.7829999999999999,14.4,0.239,6,0
464,464,18.2,0.0,7.2,26.5,0.58,27.7,6.3,2005-06,Elton Brand,0.573170731707317,1.0,50.0,1250.0,0.04,79.0,39.2,24.7,10.0,2.6,1.0,2.5,0.527,0.33299999999999996,0.775,14.8,0.22899999999999998,7,0
465,465,14.8,0.1,6.7,23.1,0.523,27.7,4.6,2005-06,Tim Duncan,0.7682926829268293,0.0,33.0,1250.0,0.026000000000000002,80.0,34.8,18.6,11.0,3.2,0.9,2.0,0.484,0.4,0.629,10.8,0.187,8,0
466,466,14.2,0.5,4.5,20.8,0.584,27.1,2.6,2005-06,Tony Parker,0.7682926829268293,0.0,9.0,1250.0,0.006999999999999999,80.0,33.9,18.9,3.3,5.8,1.0,0.1,0.5479999999999999,0.306,0.7070000000000001,9.6,0.16899999999999998,9,0
467,467,25.3,3.1,11.5,25.9,0.5429999999999999,35.8,3.5,2005-06,Allen Iverson,0.4634146341463415,0.0,1.0,1250.0,0.001,72.0,43.1,33.0,3.2,7.4,1.9,0.1,0.447,0.32299999999999995,0.8140000000000001,10.6,0.165,10,0
469,469,17.2,2.2,7.1,27.6,0.605,28.9,6.7,2006-07,Dirk Nowitzki,0.8170731707317073,83.0,1138.0,1290.0,0.882,78.0,36.2,24.6,8.9,3.4,0.7,0.8,0.502,0.41600000000000004,0.904,16.3,0.278,1,1
470,470,12.8,4.5,3.3,23.8,0.654,22.9,3.8,2006-07,Steve Nash,0.7439024390243902,44.0,1013.0,1290.0,0.785,76.0,35.3,18.6,3.5,11.6,0.8,0.1,0.532,0.455,0.899,12.6,0.225,2,0
471,471,22.8,5.2,10.0,26.1,0.58,33.6,4.7,2006-07,Kobe Bryant,0.5121951219512195,2.0,521.0,1290.0,0.40399999999999997,77.0,40.8,31.6,5.7,5.4,1.4,0.5,0.46299999999999997,0.344,0.868,13.0,0.19899999999999998,3,0
472,472,14.1,0.1,7.1,26.1,0.579,27.9,7.1,2006-07,Tim Duncan,0.7073170731707317,0.0,286.0,1290.0,0.222,80.0,34.1,20.0,10.6,3.4,0.8,2.4,0.546,0.111,0.637,13.0,0.23,4,0
473,473,20.8,4.0,9.0,24.5,0.552,31.0,7.4,2006-07,LeBron James,0.6097560975609756,0.0,183.0,1290.0,0.142,78.0,40.9,27.3,6.7,6.0,1.6,0.7,0.47600000000000003,0.319,0.698,13.7,0.20600000000000002,5,0
474,474,20.8,5.4,6.9,23.2,0.515,35.0,6.2,2006-07,Tracy McGrady,0.6341463414634146,0.0,110.0,1290.0,0.085,71.0,35.8,24.6,5.3,6.5,1.3,0.5,0.431,0.331,0.7070000000000001,8.6,0.163,6,0
475,475,15.9,0.5,8.6,22.6,0.5770000000000001,26.7,2.6,2006-07,Chris Bosh,0.573170731707317,0.0,43.0,1290.0,0.033,69.0,38.5,22.6,10.7,2.5,0.6,1.3,0.496,0.34299999999999997,0.785,9.6,0.174,7,0
476,476,20.9,7.9,9.7,24.0,0.565,31.4,5.0,2006-07,Gilbert Arenas,0.5,0.0,31.0,1290.0,0.024,74.0,39.8,28.4,4.6,6.0,1.9,0.2,0.418,0.35100000000000003,0.8440000000000001,10.8,0.177,8,0
478,478,17.6,0.7,6.6,24.1,0.546,27.4,5.0,2006-07,Kevin Garnett,0.3902439024390244,0.0,7.0,1290.0,0.005,76.0,39.4,22.4,12.8,4.1,1.2,1.7,0.47600000000000003,0.214,0.835,10.7,0.171,9,0
477,477,15.6,0.0,5.0,24.1,0.588,26.5,4.6,2006-07,Carlos Boozer,0.6219512195121951,0.0,7.0,1290.0,0.005,74.0,34.6,20.9,11.7,3.0,0.9,0.3,0.561,0.0,0.685,9.9,0.185,10,0
486,486,20.6,5.1,9.0,24.2,0.5760000000000001,31.4,5.4,2007-08,Kobe Bryant,0.6951219512195121,82.0,1100.0,1260.0,0.873,82.0,38.9,28.3,6.3,5.4,1.8,0.5,0.45899999999999996,0.361,0.84,13.8,0.20800000000000002,1,1
487,487,16.1,3.1,4.9,28.3,0.5760000000000001,25.7,9.2,2007-08,Chris Paul,0.6829268292682927,28.0,894.0,1260.0,0.71,80.0,37.6,21.1,4.0,11.6,2.7,0.1,0.488,0.369,0.851,17.8,0.284,2,0
488,488,13.9,0.2,4.7,25.3,0.588,25.5,7.4,2007-08,Kevin Garnett,0.8048780487804879,15.0,670.0,1260.0,0.532,71.0,32.8,18.8,9.2,3.4,1.4,1.3,0.539,0.0,0.8009999999999999,12.9,0.265,3,0
489,489,21.9,4.8,10.3,29.1,0.568,33.5,11.2,2007-08,LeBron James,0.5487804878048781,1.0,438.0,1260.0,0.348,75.0,40.4,30.0,7.9,7.2,1.8,1.1,0.484,0.315,0.7120000000000001,15.2,0.242,4,0
490,490,11.9,0.0,10.9,22.9,0.619,24.2,2.2,2007-08,Dwight Howard,0.6341463414634146,0.0,60.0,1260.0,0.048,82.0,37.7,20.7,14.2,1.3,0.9,2.1,0.599,0.0,0.59,12.9,0.2,5,0
491,491,15.3,0.4,8.7,27.6,0.6559999999999999,28.2,3.9,2007-08,Amar'e Stoudemire,0.6707317073170732,0.0,27.0,1260.0,0.021,79.0,33.9,25.2,9.1,1.5,0.8,2.1,0.59,0.161,0.805,14.6,0.262,6,0
492,492,15.1,0.1,5.9,24.4,0.546,28.2,4.7,2007-08,Tim Duncan,0.6829268292682927,0.0,25.0,1260.0,0.02,78.0,34.0,19.3,11.3,2.8,0.7,1.9,0.49700000000000005,0.0,0.73,11.1,0.201,7,0
493,493,19.8,4.5,5.4,18.4,0.48700000000000004,30.4,2.4,2007-08,Tracy McGrady,0.6707317073170732,0.0,19.0,1260.0,0.015,66.0,37.0,21.6,5.1,5.9,1.0,0.5,0.419,0.292,0.684,5.8,0.115,8,0
494,494,11.9,4.7,3.0,21.1,0.6409999999999999,22.0,1.6,2007-08,Steve Nash,0.6707317073170732,0.0,18.0,1260.0,0.013999999999999999,81.0,34.3,16.9,3.5,11.1,0.7,0.1,0.504,0.47,0.9059999999999999,10.5,0.18100000000000002,9,0
495,495,13.3,5.3,6.0,24.3,0.612,28.7,8.1,2007-08,Manu Ginobili,0.6829268292682927,0.0,9.0,1260.0,0.006999999999999999,74.0,31.1,19.5,4.8,4.5,1.5,0.4,0.46,0.401,0.86,11.1,0.23199999999999998,10,0
503,503,19.9,4.7,9.4,31.7,0.591,33.8,13.0,2008-09,LeBron James,0.8048780487804879,109.0,1172.0,1210.0,0.9690000000000001,81.0,37.7,28.4,7.6,7.2,1.7,1.1,0.489,0.344,0.78,20.3,0.318,1,1
504,504,20.9,4.1,6.9,24.4,0.561,32.2,4.5,2008-09,Kobe Bryant,0.7926829268292683,2.0,698.0,1210.0,0.5770000000000001,82.0,36.1,26.8,5.2,4.9,1.5,0.5,0.467,0.35100000000000003,0.856,12.7,0.20600000000000002,2,0
505,505,22.0,3.5,9.8,30.4,0.574,36.2,10.7,2008-09,Dwyane Wade,0.5243902439024389,7.0,680.0,1210.0,0.562,79.0,38.6,30.2,5.0,7.5,2.2,1.3,0.491,0.317,0.765,14.7,0.23199999999999998,3,0
506,506,12.4,0.0,10.7,25.4,0.6,26.1,4.4,2008-09,Dwight Howard,0.7195121951219512,1.0,328.0,1210.0,0.271,79.0,35.7,20.6,13.8,1.4,1.0,2.9,0.5720000000000001,0.0,0.594,13.8,0.23399999999999999,4,0
507,507,16.1,2.3,6.7,30.0,0.599,27.5,11.2,2008-09,Chris Paul,0.5975609756097561,2.0,192.0,1210.0,0.159,78.0,38.5,22.8,5.5,11.0,2.8,0.1,0.503,0.364,0.868,18.3,0.292,5,0
508,508,12.4,5.0,5.8,18.8,0.5920000000000001,21.7,2.5,2008-09,Chauncey Billups,0.5,0.0,33.0,1210.0,0.027000000000000003,79.0,35.3,17.7,3.0,6.4,1.2,0.2,0.418,0.408,0.9129999999999999,10.1,0.174,6,0
509,509,14.6,3.8,6.8,17.7,0.5820000000000001,25.4,2.5,2008-09,Paul Pierce,0.7560975609756098,0.0,21.0,1210.0,0.017,81.0,37.5,20.5,5.6,3.6,1.0,0.3,0.457,0.391,0.83,10.3,0.16399999999999998,7,0
510,510,17.5,0.9,5.0,23.4,0.556,31.7,3.1,2008-09,Tony Parker,0.6585365853658537,0.0,9.0,1210.0,0.006999999999999999,72.0,34.1,22.0,3.1,6.9,0.9,0.1,0.506,0.292,0.782,8.6,0.168,8,0
511,511,16.9,2.8,6.5,24.0,0.573,27.4,5.8,2008-09,Brandon Roy,0.6585365853658537,0.0,7.0,1210.0,0.006,78.0,37.2,22.6,4.7,5.1,1.1,0.3,0.48,0.377,0.8240000000000001,13.5,0.223,9,0
512,512,20.0,2.1,6.7,23.1,0.564,30.3,1.2,2008-09,Dirk Nowitzki,0.6097560975609756,0.0,3.0,1210.0,0.002,81.0,37.7,25.9,8.4,2.4,0.8,0.8,0.479,0.359,0.89,10.9,0.171,10,0
515,515,20.1,5.1,10.2,31.1,0.604,33.5,12.5,2009-10,LeBron James,0.7439024390243902,116.0,1205.0,1230.0,0.98,76.0,39.0,29.7,7.3,8.6,1.6,1.0,0.503,0.33299999999999996,0.767,18.5,0.299,1,1
516,516,20.3,4.3,10.2,26.2,0.607,32.0,5.1,2009-10,Kevin Durant,0.6097560975609756,4.0,609.0,1230.0,0.495,82.0,39.5,30.1,7.6,2.8,1.4,1.0,0.47600000000000003,0.365,0.9,16.1,0.23800000000000002,2,0
517,517,21.5,4.1,7.4,21.9,0.545,32.3,3.6,2009-10,Kobe Bryant,0.6951219512195121,0.0,599.0,1230.0,0.48700000000000004,73.0,38.8,27.0,5.4,5.0,1.5,0.3,0.456,0.32899999999999996,0.8109999999999999,9.4,0.16,3,0
518,518,10.2,0.1,10.0,24.0,0.63,23.9,5.5,2009-10,Dwight Howard,0.7195121951219512,3.0,478.0,1230.0,0.389,82.0,34.7,18.3,13.2,1.8,0.9,2.8,0.612,0.0,0.5920000000000001,13.2,0.223,4,0
519,519,19.6,3.2,9.1,28.0,0.562,34.9,9.4,2009-10,Dwyane Wade,0.573170731707317,0.0,119.0,1230.0,0.09699999999999999,77.0,36.3,26.6,4.8,6.5,1.8,1.1,0.47600000000000003,0.3,0.7609999999999999,13.0,0.22399999999999998,5,0
520,520,21.8,2.7,8.9,22.2,0.5479999999999999,33.4,1.4,2009-10,Carmelo Anthony,0.6463414634146342,0.0,65.0,1230.0,0.053,69.0,38.2,28.2,6.6,3.2,1.3,0.4,0.45799999999999996,0.316,0.83,7.9,0.145,6,0
521,521,18.5,1.5,7.2,22.9,0.578,28.8,2.6,2009-10,Dirk Nowitzki,0.6707317073170732,0.0,55.0,1230.0,0.045,81.0,37.5,25.0,7.7,2.7,0.9,1.0,0.48100000000000004,0.42100000000000004,0.915,12.3,0.19399999999999998,7,0
522,522,12.2,3.6,2.8,21.6,0.615,22.9,1.8,2009-10,Steve Nash,0.6585365853658537,0.0,49.0,1230.0,0.04,81.0,32.8,16.5,3.3,11.0,0.5,0.1,0.507,0.426,0.938,9.9,0.17800000000000002,8,0
523,523,13.9,3.4,5.5,20.6,0.574,23.8,3.3,2009-10,Deron Williams,0.6463414634146342,0.0,7.0,1230.0,0.006,76.0,36.9,18.7,4.0,10.5,1.3,0.2,0.469,0.371,0.8009999999999999,10.3,0.177,9,0
524,524,15.4,0.1,7.7,22.6,0.615,27.3,0.3,2009-10,Amar'e Stoudemire,0.6585365853658537,0.0,5.0,1230.0,0.004,82.0,34.6,23.1,8.9,1.0,0.6,1.0,0.557,0.16699999999999998,0.7709999999999999,10.7,0.18100000000000002,10,0
530,530,19.7,4.8,6.9,23.5,0.55,32.2,5.9,2010-11,Derrick Rose,0.7560975609756098,113.0,1182.0,1210.0,0.977,81.0,37.4,25.0,4.1,7.7,1.0,0.6,0.445,0.332,0.858,13.1,0.20800000000000002,1,1
531,531,13.4,0.1,11.7,26.1,0.616,27.2,4.8,2010-11,Dwight Howard,0.6341463414634146,3.0,643.0,1210.0,0.531,78.0,37.6,22.9,14.1,1.4,1.4,2.4,0.593,0.0,0.596,14.4,0.235,2,0
532,532,18.8,3.5,8.4,27.3,0.594,31.5,8.6,2010-11,LeBron James,0.7073170731707317,4.0,522.0,1210.0,0.431,79.0,38.8,26.7,7.5,7.0,1.6,0.6,0.51,0.33,0.759,15.6,0.244,3,0
533,533,20.0,4.3,7.1,23.9,0.5479999999999999,35.1,3.8,2010-11,Kobe Bryant,0.6951219512195121,1.0,428.0,1210.0,0.354,82.0,33.9,25.3,5.1,4.7,1.2,0.1,0.451,0.32299999999999995,0.828,10.3,0.17800000000000002,4,0
534,534,19.7,5.3,8.7,23.6,0.589,30.6,2.9,2010-11,Kevin Durant,0.6707317073170732,0.0,190.0,1210.0,0.157,78.0,38.9,27.7,6.8,2.7,1.1,1.0,0.462,0.35,0.88,12.0,0.18899999999999997,5,0
535,535,16.2,2.3,6.1,23.4,0.612,28.2,3.8,2010-11,Dirk Nowitzki,0.6951219512195121,0.0,113.0,1210.0,0.09300000000000001,73.0,34.3,23.0,7.0,2.6,0.5,0.6,0.517,0.39299999999999996,0.892,11.1,0.213,6,0
536,536,18.2,2.7,8.6,25.6,0.581,31.6,5.9,2010-11,Dwyane Wade,0.7073170731707317,0.0,24.0,1210.0,0.02,76.0,37.1,25.5,6.4,4.6,1.5,1.1,0.5,0.306,0.758,12.8,0.218,7,0
537,537,12.7,5.5,5.1,21.7,0.581,26.0,5.3,2010-11,Manu Ginobili,0.7439024390243902,0.0,20.0,1210.0,0.017,80.0,30.3,17.4,3.7,4.9,1.5,0.4,0.433,0.349,0.871,9.9,0.195,8,0
538,538,19.0,0.3,7.7,22.7,0.565,30.9,0.7,2010-11,Amar'e Stoudemire,0.5121951219512195,0.0,9.0,1210.0,0.006999999999999999,78.0,36.8,25.3,8.2,2.6,0.9,1.9,0.502,0.435,0.792,8.0,0.134,9,0
539,539,16.8,0.3,8.5,21.9,0.5489999999999999,27.3,3.2,2010-11,Blake Griffin,0.3902439024390244,0.0,5.0,1210.0,0.004,82.0,38.0,22.5,12.1,3.8,0.8,0.5,0.506,0.292,0.642,9.8,0.152,10,0
543,543,18.9,2.4,8.1,30.7,0.605,32.0,11.0,2011-12,LeBron James,0.696969696969697,85.0,1074.0,1210.0,0.888,62.0,37.5,27.1,7.9,6.2,1.9,0.8,0.531,0.36200000000000004,0.7709999999999999,14.5,0.298,1,1
544,544,19.7,5.2,7.6,26.2,0.61,31.3,5.2,2011-12,Kevin Durant,0.7121212121212122,24.0,889.0,1210.0,0.735,66.0,38.6,28.0,8.0,3.5,1.3,1.2,0.496,0.387,0.86,12.2,0.23,2,0
545,545,14.8,3.6,5.0,27.0,0.581,24.3,7.9,2011-12,Chris Paul,0.6060606060606061,6.0,385.0,1210.0,0.318,60.0,36.4,19.8,3.6,9.1,2.5,0.1,0.478,0.371,0.861,12.7,0.278,3,0
546,546,23.0,4.9,7.8,21.9,0.527,35.7,2.3,2011-12,Kobe Bryant,0.6212121212121212,2.0,352.0,1210.0,0.29100000000000004,58.0,38.5,27.9,5.4,4.6,1.2,0.3,0.43,0.303,0.845,6.2,0.132,4,0
547,547,14.8,1.0,4.7,22.0,0.539,27.7,1.7,2011-12,Tony Parker,0.7575757575757576,4.0,331.0,1210.0,0.27399999999999997,60.0,32.1,18.3,2.9,7.7,1.0,0.1,0.48,0.23,0.799,7.1,0.177,5,0
548,548,19.3,5.1,8.4,25.4,0.568,28.8,4.5,2011-12,Kevin Love,0.3939393939393939,0.0,58.0,1210.0,0.048,55.0,39.0,26.0,13.3,2.0,0.9,0.5,0.44799999999999995,0.37200000000000005,0.8240000000000001,10.0,0.223,6,0
549,549,13.4,0.1,10.6,24.2,0.569,26.1,3.8,2011-12,Dwight Howard,0.5606060606060606,0.0,13.0,1210.0,0.011000000000000001,54.0,38.3,20.6,14.5,1.9,1.5,2.1,0.573,0.0,0.491,7.7,0.179,7,0
550,550,10.8,0.8,3.4,17.5,0.483,20.7,1.3,2011-12,Rajon Rondo,0.5909090909090909,0.0,12.0,1210.0,0.01,53.0,36.9,11.9,4.8,11.7,1.8,0.1,0.44799999999999995,0.23800000000000002,0.597,4.9,0.121,8,0
551,551,9.0,2.3,2.3,20.3,0.625,19.6,-0.5,2011-12,Steve Nash,0.5,0.0,7.0,1210.0,0.006,62.0,31.6,12.5,3.0,10.7,0.6,0.1,0.532,0.39,0.894,5.9,0.14400000000000002,9,0
552,552,17.1,1.1,6.1,26.3,0.5589999999999999,31.3,6.3,2011-12,Dwyane Wade,0.696969696969697,0.0,6.0,1210.0,0.005,49.0,33.2,22.1,4.8,4.6,1.7,1.3,0.49700000000000005,0.268,0.7909999999999999,7.7,0.22699999999999998,10,0
558,558,17.8,3.3,7.0,31.6,0.64,30.2,11.6,2012-13,LeBron James,0.8048780487804879,120.0,1207.0,1210.0,0.998,76.0,37.9,26.8,8.0,7.3,1.7,0.9,0.565,0.406,0.753,19.3,0.322,1,1
559,559,17.7,4.1,9.3,28.3,0.647,29.8,7.7,2012-13,Kevin Durant,0.7317073170731707,0.0,765.0,1210.0,0.632,81.0,38.5,28.1,7.9,4.6,1.4,1.3,0.51,0.41600000000000004,0.905,18.9,0.29100000000000004,2,0
560,560,22.2,6.2,7.6,24.8,0.56,35.6,2.4,2012-13,Carmelo Anthony,0.6585365853658537,1.0,475.0,1210.0,0.39299999999999996,67.0,37.0,28.7,6.9,2.6,0.8,0.5,0.449,0.379,0.83,9.5,0.184,3,0
561,561,12.2,3.3,4.6,26.4,0.594,22.6,7.5,2012-13,Chris Paul,0.6829268292682927,0.0,289.0,1210.0,0.239,70.0,33.4,16.9,3.7,9.7,2.4,0.1,0.48100000000000004,0.32799999999999996,0.885,13.9,0.287,4,0
562,562,20.4,5.2,8.0,23.0,0.57,31.9,4.7,2012-13,Kobe Bryant,0.5487804878048781,0.0,184.0,1210.0,0.152,78.0,38.6,27.3,5.6,6.0,1.4,0.3,0.46299999999999997,0.324,0.8390000000000001,10.9,0.174,5,0
563,563,15.1,1.0,5.0,23.0,0.588,27.7,2.7,2012-13,Tony Parker,0.7073170731707317,0.0,86.0,1210.0,0.071,66.0,32.9,20.3,3.0,7.6,0.8,0.1,0.522,0.353,0.845,9.3,0.20600000000000002,6,0
564,564,14.1,0.1,4.3,24.4,0.5539999999999999,27.8,4.1,2012-13,Tim Duncan,0.7073170731707317,0.0,65.0,1210.0,0.054000000000000006,69.0,30.1,17.8,9.9,2.7,0.7,2.7,0.502,0.28600000000000003,0.8170000000000001,8.3,0.191,7,0
565,565,17.1,6.2,10.2,23.0,0.6,29.0,5.5,2012-13,James Harden,0.5487804878048781,0.0,33.0,1210.0,0.027000000000000003,78.0,38.3,25.9,4.9,5.8,1.8,0.5,0.43799999999999994,0.368,0.851,12.8,0.20600000000000002,8,0
566,566,18.7,3.7,7.0,23.9,0.532,32.8,5.0,2012-13,Russell Westbrook,0.7317073170731707,0.0,9.0,1210.0,0.006999999999999999,82.0,34.9,23.2,5.2,7.4,1.8,0.3,0.43799999999999994,0.32299999999999995,0.8,11.6,0.195,9,0
567,567,15.8,1.0,6.2,24.0,0.5710000000000001,29.5,3.9,2012-13,Dwyane Wade,0.8048780487804879,0.0,5.0,1210.0,0.004,69.0,34.7,21.2,5.0,5.1,1.9,0.8,0.521,0.258,0.725,9.6,0.192,10,0
574,574,20.8,6.1,9.9,29.8,0.635,33.0,8.8,2013-14,Kevin Durant,0.7195121951219512,119.0,1232.0,1250.0,0.986,81.0,38.5,32.0,7.4,5.5,1.3,0.7,0.503,0.391,0.873,19.2,0.295,1,1
575,575,17.6,4.0,7.6,29.3,0.649,31.0,8.9,2013-14,LeBron James,0.6585365853658537,6.0,891.0,1250.0,0.713,77.0,37.7,27.1,6.9,6.3,1.6,0.3,0.5670000000000001,0.379,0.75,15.9,0.264,2,0
576,576,17.0,0.6,8.4,23.9,0.583,29.0,4.6,2013-14,Blake Griffin,0.6951219512195121,0.0,434.0,1250.0,0.34700000000000003,80.0,35.8,24.1,9.5,3.9,1.2,0.6,0.528,0.273,0.715,12.2,0.205,3,0
577,577,10.0,0.0,4.2,20.0,0.531,18.7,6.6,2013-14,Joakim Noah,0.5853658536585366,0.0,322.0,1250.0,0.258,80.0,35.3,12.6,11.3,5.4,1.2,1.5,0.475,0.0,0.737,11.2,0.19,4,0
578,578,16.5,6.6,9.1,23.5,0.618,27.8,5.7,2013-14,James Harden,0.6585365853658537,0.0,85.0,1250.0,0.068,73.0,38.0,25.4,4.7,6.1,1.6,0.4,0.456,0.366,0.866,12.8,0.221,5,0
579,579,17.7,7.9,4.5,24.1,0.61,28.3,7.4,2013-14,Stephen Curry,0.6219512195121951,0.0,66.0,1250.0,0.053,78.0,36.5,24.0,4.3,8.5,1.6,0.2,0.47100000000000003,0.424,0.885,13.4,0.225,6,0
580,580,14.0,3.4,5.6,25.9,0.58,23.7,7.4,2013-14,Chris Paul,0.6951219512195121,0.0,45.0,1250.0,0.036000000000000004,62.0,35.0,19.1,4.3,10.7,2.5,0.1,0.467,0.368,0.855,12.2,0.27,7,0
581,581,18.8,0.2,3.8,22.7,0.532,29.3,1.8,2013-14,Al Jefferson,0.5243902439024389,0.0,34.0,1250.0,0.027000000000000003,73.0,35.0,21.8,10.8,2.1,0.9,1.1,0.509,0.2,0.69,7.8,0.146,8,0
582,582,17.0,6.3,5.8,20.1,0.555,28.3,4.7,2013-14,Paul George,0.6829268292682927,0.0,33.0,1250.0,0.026000000000000002,80.0,36.2,21.7,6.8,3.5,1.9,0.3,0.424,0.364,0.8640000000000001,10.8,0.17800000000000002,9,0
583,583,20.6,0.2,5.2,21.8,0.507,29.8,0.3,2013-14,LaMarcus Aldridge,0.6585365853658537,0.0,26.0,1250.0,0.021,69.0,36.2,23.2,11.1,2.6,0.9,1.0,0.45799999999999996,0.2,0.8220000000000001,7.5,0.14400000000000002,10,0
591,591,16.8,8.1,4.2,28.0,0.638,28.9,9.9,2014-15,Stephen Curry,0.8170731707317073,100.0,1198.0,1300.0,0.922,80.0,32.7,23.8,4.3,7.7,2.0,0.2,0.48700000000000004,0.44299999999999995,0.914,15.7,0.28800000000000003,1,1
592,592,18.1,6.9,10.2,26.7,0.605,31.3,8.4,2014-15,James Harden,0.6829268292682927,25.0,936.0,1300.0,0.72,81.0,36.8,27.4,5.7,7.0,1.9,0.7,0.44,0.375,0.868,16.4,0.265,2,0
593,593,18.5,4.9,7.7,25.9,0.5770000000000001,32.3,7.4,2014-15,LeBron James,0.6463414634146342,5.0,552.0,1300.0,0.425,69.0,36.1,25.3,6.0,7.4,1.6,0.7,0.488,0.354,0.71,10.4,0.19899999999999998,3,0
594,594,22.0,4.3,9.8,29.1,0.536,38.4,11.0,2014-15,Russell Westbrook,0.5487804878048781,0.0,352.0,1300.0,0.271,67.0,34.4,28.1,7.3,8.6,2.1,0.2,0.426,0.299,0.835,10.6,0.222,4,0
595,595,17.6,0.2,6.8,30.8,0.591,27.8,7.1,2014-15,Anthony Davis,0.5487804878048781,0.0,203.0,1300.0,0.156,68.0,36.1,24.4,10.2,2.2,1.5,2.9,0.535,0.083,0.805,14.0,0.27399999999999997,5,0
596,596,14.3,4.3,3.9,26.0,0.596,23.7,7.5,2014-15,Chris Paul,0.6829268292682927,0.0,124.0,1300.0,0.095,82.0,34.8,19.1,4.6,10.2,1.9,0.2,0.485,0.39799999999999996,0.9,16.1,0.27,6,0
597,597,19.9,1.5,5.1,22.8,0.528,30.2,0.3,2014-15,LaMarcus Aldridge,0.6219512195121951,0.0,6.0,1300.0,0.005,71.0,35.4,23.4,10.2,1.7,0.7,1.0,0.466,0.35200000000000004,0.845,8.6,0.165,7,0
598,598,13.2,0.2,5.4,21.7,0.5579999999999999,24.6,4.8,2014-15,Marc Gasol,0.6707317073170732,0.0,3.0,1300.0,0.002,81.0,33.2,17.4,7.8,3.8,0.9,1.6,0.494,0.17600000000000002,0.795,10.2,0.182,8,0
599,599,17.1,0.4,6.4,22.8,0.551,28.4,4.1,2014-15,Blake Griffin,0.6829268292682927,0.0,3.0,1300.0,0.002,67.0,35.2,21.9,7.6,5.3,0.9,0.5,0.502,0.4,0.728,9.0,0.183,9,0
600,600,10.6,0.1,4.0,22.6,0.56,22.2,5.5,2014-15,Tim Duncan,0.6707317073170732,0.0,1.0,1300.0,0.001,77.0,28.9,13.9,9.1,3.0,0.8,2.0,0.512,0.28600000000000003,0.74,9.6,0.207,10,0
603,603,20.2,11.2,5.1,31.5,0.669,32.6,12.5,2015-16,Stephen Curry,0.8902439024390244,131.0,1310.0,1310.0,1.0,79.0,34.2,30.1,5.4,6.7,2.1,0.2,0.504,0.45399999999999996,0.9079999999999999,17.9,0.318,1,1
604,604,15.1,4.0,4.6,26.0,0.616,25.8,8.3,2015-16,Kawhi Leonard,0.8170731707317073,0.0,634.0,1310.0,0.484,72.0,33.1,21.2,6.8,2.6,1.8,1.0,0.506,0.44299999999999995,0.8740000000000001,13.7,0.27699999999999997,2,0
605,605,18.6,3.7,6.5,27.5,0.588,31.4,9.1,2015-16,LeBron James,0.6951219512195121,0.0,631.0,1310.0,0.48200000000000004,76.0,35.6,25.3,7.4,6.8,1.4,0.6,0.52,0.309,0.731,13.6,0.242,3,0
606,606,18.1,4.3,7.2,27.6,0.5539999999999999,31.6,10.0,2015-16,Russell Westbrook,0.6707317073170732,0.0,486.0,1310.0,0.371,80.0,34.4,23.5,7.8,10.4,2.0,0.3,0.45399999999999996,0.29600000000000004,0.812,14.0,0.245,4,0
607,607,19.2,6.7,6.9,28.2,0.634,30.6,7.9,2015-16,Kevin Durant,0.6707317073170732,0.0,147.0,1310.0,0.11199999999999999,72.0,35.8,28.2,8.2,5.0,1.0,1.2,0.505,0.387,0.898,14.5,0.27,5,0
608,608,15.1,4.4,4.4,26.2,0.575,27.1,7.8,2015-16,Chris Paul,0.6463414634146342,0.0,107.0,1310.0,0.08199999999999999,74.0,32.7,19.5,4.2,10.0,2.1,0.2,0.462,0.371,0.8959999999999999,12.7,0.253,6,0
609,609,10.1,3.2,4.1,19.3,0.5870000000000001,18.8,5.8,2015-16,Draymond Green,0.8902439024390244,0.0,50.0,1310.0,0.038,81.0,34.7,14.0,9.5,7.4,1.5,1.4,0.49,0.38799999999999996,0.696,11.1,0.19,7,0
610,610,19.7,8.1,6.2,22.2,0.56,31.3,3.7,2015-16,Damian Lillard,0.5365853658536586,0.0,26.0,1310.0,0.02,75.0,35.7,25.1,4.0,6.8,0.9,0.4,0.419,0.375,0.892,9.2,0.165,8,0
611,611,19.7,8.0,10.2,25.3,0.598,32.5,6.7,2015-16,James Harden,0.5,0.0,9.0,1310.0,0.006999999999999999,82.0,38.1,29.0,6.1,7.5,1.7,0.6,0.439,0.359,0.86,13.3,0.204,9,0
612,612,15.6,7.1,6.4,22.2,0.578,26.1,6.8,2015-16,Kyle Lowry,0.6829268292682927,0.0,6.0,1310.0,0.005,77.0,37.0,21.2,4.7,6.4,2.1,0.4,0.42700000000000005,0.38799999999999996,0.8109999999999999,11.6,0.196,10,0
613,613,24.0,7.2,10.4,30.6,0.5539999999999999,41.7,15.6,2016-17,Russell Westbrook,0.573170731707317,69.0,888.0,1010.0,0.879,81.0,34.6,31.6,10.7,10.4,1.6,0.4,0.425,0.34299999999999997,0.845,13.1,0.22399999999999998,1,1
614,614,18.9,9.3,10.9,27.4,0.613,34.2,10.1,2016-17,James Harden,0.6707317073170732,22.0,753.0,1010.0,0.746,81.0,36.4,29.1,8.1,11.2,1.5,0.5,0.44,0.34700000000000003,0.847,15.0,0.245,2,0
615,615,17.7,5.2,7.2,27.6,0.61,31.1,7.9,2016-17,Kawhi Leonard,0.7439024390243902,9.0,500.0,1010.0,0.495,74.0,33.4,25.5,5.8,3.5,1.8,0.7,0.485,0.38,0.88,13.6,0.264,3,0
616,616,18.2,4.6,7.2,27.0,0.619,30.0,8.4,2016-17,LeBron James,0.6219512195121951,1.0,333.0,1010.0,0.33,74.0,37.8,26.4,8.6,8.7,1.2,0.6,0.5479999999999999,0.363,0.674,12.9,0.221,4,0
617,617,19.4,8.5,8.5,26.5,0.625,34.0,5.4,2016-17,Isaiah Thomas,0.6463414634146342,0.0,81.0,1010.0,0.08,76.0,33.8,28.9,2.7,5.9,0.9,0.2,0.46299999999999997,0.379,0.909,12.5,0.23399999999999999,5,0
618,618,18.3,10.0,4.6,24.6,0.624,30.1,7.3,2016-17,Stephen Curry,0.8170731707317073,0.0,52.0,1010.0,0.051,79.0,33.4,25.3,4.5,6.6,1.8,0.2,0.46799999999999997,0.41100000000000003,0.898,12.6,0.22899999999999998,6,0
619,619,15.7,2.3,7.7,26.1,0.599,28.3,7.6,2016-17,Giannis Antetokounmpo,0.5121951219512195,0.0,7.0,1010.0,0.006999999999999999,80.0,35.6,22.9,8.8,5.4,1.6,1.9,0.521,0.272,0.77,12.4,0.21,7,0
620,620,18.4,3.5,6.8,23.2,0.541,30.6,4.1,2016-17,John Wall,0.5975609756097561,0.0,7.0,1010.0,0.006999999999999999,78.0,36.4,23.1,4.2,10.7,2.0,0.6,0.451,0.327,0.8009999999999999,8.8,0.149,8,0
621,621,20.3,1.8,8.6,27.5,0.58,32.6,3.7,2016-17,Anthony Davis,0.4146341463414634,0.0,2.0,1010.0,0.002,75.0,36.1,28.0,11.8,2.1,1.3,2.2,0.505,0.299,0.802,11.0,0.195,9,0
622,622,16.5,5.0,6.2,27.6,0.6509999999999999,27.8,8.0,2016-17,Kevin Durant,0.8170731707317073,0.0,2.0,1010.0,0.002,62.0,33.4,25.1,8.3,4.8,1.1,1.6,0.537,0.375,0.875,12.0,0.278,10,0
624,624,20.1,10.0,10.1,29.8,0.619,36.1,10.9,2017-18,James Harden,0.7926829268292683,86.0,965.0,1010.0,0.955,72.0,35.4,30.4,5.4,8.8,1.8,0.7,0.449,0.36700000000000005,0.858,15.4,0.289,1,1
625,625,19.3,5.0,6.5,28.6,0.621,31.6,9.6,2017-18,LeBron James,0.6097560975609756,15.0,738.0,1010.0,0.731,82.0,36.9,27.5,8.6,9.1,1.4,0.9,0.542,0.36700000000000005,0.731,14.0,0.221,2,0
626,626,19.5,2.2,8.0,28.9,0.612,30.0,5.2,2017-18,Anthony Davis,0.5853658536585366,0.0,445.0,1010.0,0.441,75.0,36.4,28.1,11.1,2.3,1.5,2.6,0.534,0.34,0.828,13.7,0.24100000000000002,3,0
627,627,19.4,8.6,7.4,25.2,0.594,30.6,6.7,2017-18,Damian Lillard,0.5975609756097561,0.0,207.0,1010.0,0.205,73.0,36.6,26.9,4.5,6.6,1.1,0.4,0.439,0.361,0.9159999999999999,12.6,0.22699999999999998,4,0
628,628,21.1,4.1,7.1,24.7,0.524,34.1,8.2,2017-18,Russell Westbrook,0.5853658536585366,0.0,76.0,1010.0,0.075,80.0,36.4,25.4,10.1,10.3,1.8,0.3,0.449,0.298,0.737,10.1,0.166,5,0
629,629,18.7,1.9,8.5,27.3,0.598,31.2,5.8,2017-18,Giannis Antetokounmpo,0.5365853658536586,0.0,75.0,1010.0,0.07400000000000001,75.0,36.7,26.9,10.0,4.8,1.5,1.4,0.529,0.307,0.76,11.9,0.207,6,0
630,630,18.0,6.1,5.9,26.0,0.64,30.4,5.6,2017-18,Kevin Durant,0.7073170731707317,0.0,66.0,1010.0,0.065,68.0,34.2,26.4,6.8,5.4,0.7,1.8,0.516,0.419,0.889,10.4,0.215,7,0
631,631,17.7,3.6,7.0,21.0,0.555,29.6,1.8,2017-18,DeMar DeRozan,0.7195121951219512,0.0,32.0,1010.0,0.032,80.0,33.9,23.0,3.9,5.2,1.1,0.3,0.456,0.31,0.825,9.6,0.17,8,0
632,632,18.0,1.2,5.3,25.0,0.57,29.1,3.3,2017-18,LaMarcus Aldridge,0.573170731707317,0.0,6.0,1010.0,0.006,75.0,33.5,23.1,8.5,2.0,0.6,1.2,0.51,0.293,0.8370000000000001,10.9,0.209,9,0
633,633,15.6,3.4,7.2,23.7,0.59,24.9,5.0,2017-18,Jimmy Butler,0.573170731707317,0.0,5.0,1010.0,0.005,59.0,36.7,22.2,5.3,4.9,2.0,0.4,0.474,0.35,0.8540000000000001,8.9,0.198,10,0
